ID,year,hwn,hwf,hwd,hwdm,hwm,hwma,hwa,hwaa
77470,1981,1,6,6.0,6.0,4.5,31.5,6.5,33.5
77470,1982,1,3,3.0,3.0,8.1,35.1,9.7,36.7
77470,1983,3,10,4.0,3.3,5.2,32.2,8.6,35.6
77470,1984,0,0,,,,,,
77470,1985,0,0,,,,,,
77470,1986,1,3,3.0,3.0,4.1,31.1,4.3,31.3
77470,1987,2,8,5.0,4.0,5.5,32.5,11.0,38.0
77470,1988,1,3,3.0,3.0,5.2,32.2,5.5,32.5
77470,1989,4,20,7.0,5.0,5.2,32.2,8.2,35.2
77470,1990,1,3,3.0,3.0,7.2,34.2,7.7,34.7
77470,1991,1,3,3.0,3.0,4.8,31.8,6.1,33.1
77470,1992,0,0,,,,,,
77470,1993,1,4,4.0,4.0,6.8,33.8,8.3,35.3
77470,1994,2,7,4.0,3.5,5.6,32.6,6.4,33.4
77470,1995,0,0,,,,,,
77470,1996,2,7,4.0,3.5,2.4,29.4,4.2,31.2
77470,1997,0,0,,,,,,
77470,1998,0,0,,,,,,
77470,1999,0,0,,,,,,
77470,2000,1,5,5.0,5.0,6.1,33.1,7.0,34.0
77470,2001,4,22,8.0,5.5,6.3,33.3,10.0,37.0
77470,2002,1,3,3.0,3.0,5.3,32.3,6.1,33.1
77470,2003,5,53,16.0,10.6,6.7,33.7,13.3,40.3
77470,2004,2,9,5.0,4.5,5.9,32.9,7.7,34.7
77470,2005,3,16,8.0,5.3,2.8,29.8,6.7,33.7
77470,2006,4,25,9.0,6.2,5.3,32.3,9.3,36.3
77470,2007,1,3,3.0,3.0,4.9,31.9,5.4,32.4
77470,2008,4,15,5.0,3.8,5.4,32.4,7.8,34.8
77470,2009,5,26,8.0,5.2,5.2,32.2,9.4,36.4
77470,2010,6,30,10.0,5.0,6.1,33.1,9.7,36.7
77470,2011,1,3,3.0,3.0,6.7,33.7,6.9,33.9
77470,2012,4,19,7.0,4.8,5.1,32.1,9.2,36.2
77470,2013,1,5,5.0,5.0,5.7,32.7,6.9,33.9
77470,2014,1,6,6.0,6.0,5.0,32.0,7.3,34.3
77470,2015,1,12,12.0,12.0,6.5,33.5,9.2,36.2
77470,2016,4,22,7.0,5.5,5.4,32.4,9.3,36.3
77470,2017,3,22,15.0,7.3,5.9,32.9,9.1,36.1
77470,2018,6,26,9.0,4.3,6.6,33.6,9.9,36.9
77470,2019,5,27,13.0,5.4,6.6,33.6,12.7,39.7
77470,2020,1,3,3.0,3.0,5.0,32.0,5.2,32.2
77470,2021,3,19,9.0,6.3,6.7,33.7,10.3,37.3
76430,1981,1,6,6.0,6.0,4.1,31.0,6.3,33.2
76430,1982,1,4,4.0,4.0,6.5,33.4,7.9,34.8
76430,1983,1,3,3.0,3.0,6.1,33.0,6.8,33.7
76430,1984,0,0,,,,,,
76430,1985,0,0,,,,,,
76430,1986,0,0,,,,,,
76430,1987,1,5,5.0,5.0,4.2,31.1,5.1,32.0
76430,1988,0,0,,,,,,
76430,1989,3,12,5.0,4.0,3.9,30.8,6.6,33.5
76430,1990,2,7,4.0,3.5,6.1,33.0,7.0,33.9
76430,1991,4,14,5.0,3.5,4.7,31.6,6.4,33.3
76430,1992,0,0,,,,,,
76430,1993,2,7,4.0,3.5,4.5,31.4,6.9,33.8
76430,1994,2,6,3.0,3.0,3.9,30.8,4.9,31.8
76430,1995,3,9,3.0,3.0,5.5,32.4,6.3,33.2
76430,1996,1,4,4.0,4.0,3.3,30.2,5.3,32.2
76430,1997,0,0,,,,,,
76430,1998,3,9,3.0,3.0,3.2,30.1,6.2,33.1
76430,1999,0,0,,,,,,
76430,2000,2,6,3.0,3.0,4.3,31.2,6.8,33.7
76430,2001,5,19,5.0,3.8,5.2,32.1,7.5,34.4
76430,2002,1,8,8.0,8.0,3.6,30.5,5.4,32.3
76430,2003,5,45,14.0,9.0,5.6,32.5,10.0,36.9
76430,2004,3,10,4.0,3.3,2.5,29.4,5.9,32.8
76430,2005,2,12,9.0,6.0,4.3,31.2,5.5,32.4
76430,2006,5,22,6.0,4.4,5.5,32.4,7.7,34.6
76430,2007,0,0,,,,,,
76430,2008,2,10,6.0,5.0,5.3,32.2,6.9,33.8
76430,2009,5,31,11.0,6.2,3.8,30.7,7.4,34.3
76430,2010,3,10,4.0,3.3,3.3,30.2,6.2,33.1
76430,2011,0,0,,,,,,
76430,2012,4,14,5.0,3.5,5.4,32.3,6.7,33.6
76430,2013,1,4,4.0,4.0,2.4,29.3,2.7,29.6
76430,2014,1,6,6.0,6.0,4.6,31.5,6.9,33.8
76430,2015,4,21,7.0,5.2,5.2,32.1,8.0,34.9
76430,2016,2,9,6.0,4.5,2.9,29.8,7.0,33.9
76430,2017,3,15,9.0,5.0,5.8,32.7,9.2,36.1
76430,2018,3,16,8.0,5.3,5.6,32.5,8.7,35.6
76430,2019,4,29,14.0,7.2,5.6,32.5,14.0,40.9
76430,2020,3,9,3.0,3.0,4.3,31.2,10.2,37.1
76430,2021,3,19,9.0,6.3,5.6,32.5,8.8,35.7
76500,1981,1,7,7.0,7.0,4.4,32.5,6.9,35.0
76500,1982,1,8,8.0,8.0,6.6,34.7,9.2,37.3
76500,1983,2,10,7.0,5.0,4.3,32.4,9.9,38.0
76500,1984,0,0,,,,,,
76500,1985,0,0,,,,,,
76500,1986,0,0,,,,,,
76500,1987,2,8,5.0,4.0,4.8,32.9,5.8,33.9
76500,1988,1,3,3.0,3.0,5.9,34.0,6.2,34.3
76500,1989,1,6,6.0,6.0,4.3,32.4,5.0,33.1
76500,1990,1,3,3.0,3.0,3.4,31.5,4.0,32.1
76500,1991,4,15,4.0,3.8,5.3,33.4,8.0,36.1
76500,1992,0,0,,,,,,
76500,1993,3,12,5.0,4.0,4.1,32.2,7.3,35.4
76500,1994,2,6,3.0,3.0,5.7,33.8,6.4,34.5
76500,1995,0,0,,,,,,
76500,1996,1,4,4.0,4.0,2.8,30.9,5.0,33.1
76500,1997,0,0,,,,,,
76500,1998,3,10,4.0,3.3,4.0,32.1,7.1,35.2
76500,1999,1,3,3.0,3.0,2.9,31.0,3.5,31.6
76500,2000,3,10,4.0,3.3,5.0,33.1,7.6,35.7
76500,2001,4,15,5.0,3.8,5.5,33.6,8.3,36.4
76500,2002,1,10,10.0,10.0,5.0,33.1,7.7,35.8
76500,2003,4,49,22.0,12.2,6.2,34.3,10.4,38.5
76500,2004,2,9,6.0,4.5,3.5,31.6,8.0,36.1
76500,2005,3,17,7.0,5.7,3.5,31.6,5.6,33.7
76500,2006,5,28,8.0,5.6,5.9,34.0,9.0,37.1
76500,2007,1,5,5.0,5.0,5.2,33.3,9.0,37.1
76500,2008,2,11,7.0,5.5,6.0,34.1,7.7,35.8
76500,2009,4,22,7.0,5.5,5.1,33.2,8.3,36.4
76500,2010,1,3,3.0,3.0,5.1,33.2,6.1,34.2
76500,2011,1,4,4.0,4.0,5.3,33.4,5.8,33.9
76500,2012,2,11,7.0,5.5,6.1,34.2,7.2,35.3
76500,2013,0,0,,,,,,
76500,2014,1,8,8.0,8.0,4.3,32.4,6.4,34.5
76500,2015,6,26,7.0,4.3,4.9,33.0,7.7,35.8
76500,2016,2,7,4.0,3.5,4.2,32.3,4.9,33.0
76500,2017,5,32,10.0,6.4,5.4,33.5,10.6,38.7
76500,2018,3,14,7.0,4.7,5.7,33.8,9.5,37.6
76500,2019,3,19,12.0,6.3,5.7,33.8,13.0,41.1
76500,2020,4,12,3.0,3.0,5.0,33.1,10.6,38.7
76500,2021,3,18,10.0,6.0,5.8,33.9,9.9,38.0
76900,1981,1,7,7.0,7.0,1.7,26.3,3.7,28.3
76900,1982,0,0,,,,,,
76900,1983,3,14,6.0,4.7,4.9,29.5,10.7,35.3
76900,1984,0,0,,,,,,
76900,1985,1,3,3.0,3.0,4.8,29.4,5.3,29.9
76900,1986,0,0,,,,,,
76900,1987,2,9,6.0,4.5,4.0,28.6,4.5,29.1
76900,1988,1,5,5.0,5.0,4.5,29.1,4.6,29.2
76900,1989,1,3,3.0,3.0,4.2,28.8,4.8,29.4
76900,1990,0,0,,,,,,
76900,1991,0,0,,,,,,
76900,1992,1,5,5.0,5.0,5.2,29.8,5.8,30.4
76900,1993,1,4,4.0,4.0,0.1,24.7,0.5,25.1
76900,1994,5,21,6.0,4.2,4.1,28.7,6.7,31.3
76900,1995,0,0,,,,,,
76900,1996,1,11,11.0,11.0,1.6,26.2,3.5,28.1
76900,1997,0,0,,,,,,
76900,1998,2,10,6.0,5.0,3.2,27.8,6.0,30.6
76900,1999,2,7,4.0,3.5,2.2,26.8,4.4,29.0
76900,2000,3,10,4.0,3.3,1.8,26.4,4.9,29.5
76900,2001,3,15,8.0,5.0,3.7,28.3,5.4,30.0
76900,2002,1,10,10.0,10.0,3.5,28.1,6.3,30.9
76900,2003,5,54,24.0,10.8,4.5,29.1,9.1,33.7
76900,2004,2,7,4.0,3.5,1.3,25.9,2.7,27.3
76900,2005,2,22,16.0,11.0,2.5,27.1,6.6,31.2
76900,2006,5,30,10.0,6.0,4.7,29.3,9.0,33.6
76900,2007,2,9,5.0,4.5,3.2,27.8,4.5,29.1
76900,2008,2,8,5.0,4.0,2.2,26.8,3.5,28.1
76900,2009,3,12,6.0,4.0,3.7,28.3,8.0,32.6
76900,2010,1,6,6.0,6.0,3.9,28.5,4.4,29.0
76900,2011,1,7,7.0,7.0,5.0,29.6,6.8,31.4
76900,2012,4,16,5.0,4.0,4.5,29.1,7.0,31.6
76900,2013,1,3,3.0,3.0,2.5,27.1,4.1,28.7
76900,2014,1,8,8.0,8.0,2.9,27.5,5.0,29.6
76900,2015,6,33,8.0,5.5,4.4,29.0,7.6,32.2
76900,2016,2,19,15.0,9.5,3.2,27.8,5.7,30.3
76900,2017,5,32,15.0,6.4,4.2,28.8,7.2,31.8
76900,2018,4,22,9.0,5.5,3.6,28.2,6.8,31.4
76900,2019,4,33,16.0,8.2,4.2,28.8,9.1,33.7
76900,2020,2,6,3.0,3.0,3.6,28.2,5.1,29.7
76900,2021,3,18,9.0,6.0,3.7,28.3,7.6,32.2
161530,1981,1,7,7.0,7.0,2.2,25.0,4.8,27.6
161530,1982,2,10,6.0,5.0,2.1,24.9,5.9,28.7
161530,1983,2,11,6.0,5.5,5.8,28.6,8.3,31.1
161530,1984,0,0,,,,,,
161530,1985,1,4,4.0,4.0,4.9,27.7,5.5,28.3
161530,1986,1,4,4.0,4.0,2.5,25.3,3.1,25.9
161530,1987,2,11,8.0,5.5,4.3,27.1,4.8,27.6
161530,1988,1,4,4.0,4.0,4.5,27.3,5.1,27.9
161530,1989,0,0,,,,,,
161530,1990,2,6,3.0,3.0,4.1,26.9,6.2,29.0
161530,1991,2,7,4.0,3.5,3.7,26.5,4.5,27.3
161530,1992,2,9,5.0,4.5,3.1,25.9,5.8,28.6
161530,1993,2,10,6.0,5.0,3.1,25.9,6.3,29.1
161530,1994,4,23,8.0,5.8,4.6,27.4,6.5,29.3
161530,1995,1,8,8.0,8.0,5.1,27.9,6.2,29.0
161530,1996,2,15,12.0,7.5,3.0,25.8,4.7,27.5
161530,1997,1,3,3.0,3.0,0.7,23.5,1.6,24.4
161530,1998,2,12,9.0,6.0,4.1,26.9,7.1,29.9
161530,1999,0,0,,,,,,
161530,2000,5,17,4.0,3.4,1.7,24.5,5.1,27.9
161530,2001,4,19,8.0,4.8,3.7,26.5,5.6,28.4
161530,2002,1,11,11.0,11.0,3.8,26.6,6.5,29.3
161530,2003,5,56,24.0,11.2,4.4,27.2,8.9,31.7
161530,2004,1,4,4.0,4.0,1.1,23.9,2.1,24.9
161530,2005,2,19,14.0,9.5,2.7,25.5,3.8,26.6
161530,2006,4,35,10.0,8.8,4.0,26.8,6.1,28.9
161530,2007,1,4,4.0,4.0,4.2,27.0,5.0,27.8
161530,2008,2,12,9.0,6.0,2.8,25.6,4.5,27.3
161530,2009,2,15,10.0,7.5,3.1,25.9,7.4,30.2
161530,2010,2,18,11.0,9.0,3.6,26.4,6.1,28.9
161530,2011,2,13,8.0,6.5,3.6,26.4,7.9,30.7
161530,2012,4,21,9.0,5.2,3.4,26.2,6.7,29.5
161530,2013,2,7,4.0,3.5,3.0,25.8,4.0,26.8
161530,2014,1,8,8.0,8.0,3.2,26.0,5.2,28.0
161530,2015,7,37,11.0,5.3,4.7,27.5,7.9,30.7
161530,2016,3,23,14.0,7.7,3.7,26.5,5.4,28.2
161530,2017,4,34,16.0,8.5,3.7,26.5,6.5,29.3
161530,2018,3,22,9.0,7.3,4.3,27.1,6.5,29.3
161530,2019,4,35,16.0,8.8,4.2,27.0,9.1,31.9
161530,2020,2,7,4.0,3.5,3.6,26.4,5.2,28.0
161530,2021,3,20,12.0,6.7,4.0,26.8,7.3,30.1
161580,1981,2,11,8.0,5.5,3.4,29.4,6.5,32.5
161580,1982,2,8,5.0,4.0,2.7,28.7,6.2,32.2
161580,1983,2,14,11.0,7.0,4.9,30.9,8.2,34.2
161580,1984,0,0,,,,,,
161580,1985,1,3,3.0,3.0,-0.3,25.7,-0.1,25.9
161580,1986,1,3,3.0,3.0,2.7,28.7,2.8,28.8
161580,1987,2,7,4.0,3.5,4.5,30.5,5.4,31.4
161580,1988,1,6,6.0,6.0,5.3,31.3,5.9,31.9
161580,1989,0,0,,,,,,
161580,1990,1,3,3.0,3.0,3.0,29.0,3.3,29.3
161580,1991,0,0,,,,,,
161580,1992,2,8,5.0,4.0,4.5,30.5,6.4,32.4
161580,1993,3,12,6.0,4.0,2.4,28.4,5.7,31.7
161580,1994,6,24,5.0,4.0,4.2,30.2,6.2,32.2
161580,1995,2,7,4.0,3.5,5.2,31.2,6.2,32.2
161580,1996,1,14,14.0,14.0,1.1,27.1,2.5,28.5
161580,1997,2,8,5.0,4.0,0.4,26.4,1.2,27.2
161580,1998,3,15,7.0,5.0,4.3,30.3,6.0,32.0
161580,1999,0,0,,,,,,
161580,2000,3,15,6.0,5.0,2.6,28.6,6.1,32.1
161580,2001,3,15,7.0,5.0,4.4,30.4,6.7,32.7
161580,2002,1,13,13.0,13.0,3.5,29.5,6.5,32.5
161580,2003,4,69,29.0,17.2,4.8,30.8,10.0,36.0
161580,2004,1,3,3.0,3.0,0.6,26.6,1.1,27.1
161580,2005,2,22,14.0,11.0,2.6,28.6,4.2,30.2
161580,2006,2,40,20.0,20.0,4.6,30.6,7.9,33.9
161580,2007,3,13,6.0,4.3,3.6,29.6,5.3,31.3
161580,2008,2,15,11.0,7.5,3.0,29.0,4.6,30.6
161580,2009,3,32,22.0,10.7,3.0,29.0,8.5,34.5
161580,2010,4,20,7.0,5.0,3.3,29.3,4.8,30.8
161580,2011,3,13,7.0,4.3,3.9,29.9,8.9,34.9
161580,2012,4,25,9.0,6.2,4.0,30.0,8.5,34.5
161580,2013,5,25,9.0,5.0,4.2,30.2,7.3,33.3
161580,2014,1,8,8.0,8.0,3.3,29.3,5.6,31.6
161580,2015,4,46,27.0,11.5,4.4,30.4,8.5,34.5
161580,2016,4,27,16.0,6.8,3.8,29.8,4.9,30.9
161580,2017,5,41,20.0,8.2,4.2,30.2,8.4,34.4
161580,2018,4,25,8.0,6.2,4.5,30.5,7.9,33.9
161580,2019,5,42,16.0,8.4,4.3,30.3,8.1,34.1
161580,2020,4,15,6.0,3.8,3.8,29.8,6.4,32.4
161580,2021,2,20,13.0,10.0,3.6,29.6,7.5,33.5
161680,1981,2,10,6.0,5.0,3.4,28.8,6.6,32.0
161680,1982,2,6,3.0,3.0,1.6,27.0,4.6,30.0
161680,1983,4,15,5.0,3.8,2.7,28.1,9.3,34.7
161680,1984,0,0,,,,,,
161680,1985,0,0,,,,,,
161680,1986,0,0,,,,,,
161680,1987,2,7,4.0,3.5,3.5,28.9,4.8,30.2
161680,1988,0,0,,,,,,
161680,1989,2,6,3.0,3.0,4.2,29.6,4.7,30.1
161680,1990,1,3,3.0,3.0,5.3,30.7,6.1,31.5
161680,1991,1,3,3.0,3.0,3.1,28.5,3.5,28.9
161680,1992,3,14,6.0,4.7,4.3,29.7,5.8,31.2
161680,1993,1,6,6.0,6.0,0.3,25.7,2.1,27.5
161680,1994,5,24,8.0,4.8,3.7,29.1,6.5,31.9
161680,1995,0,0,,,,,,
161680,1996,1,9,9.0,9.0,1.5,26.9,2.7,28.1
161680,1997,1,5,5.0,5.0,0.4,25.8,0.6,26.0
161680,1998,3,10,4.0,3.3,3.7,29.1,5.4,30.8
161680,1999,1,4,4.0,4.0,0.6,26.0,1.7,27.1
161680,2000,5,19,6.0,3.8,1.9,27.3,4.9,30.3
161680,2001,0,0,,,,,,
161680,2002,1,14,14.0,14.0,2.3,27.7,4.5,29.9
161680,2003,3,66,32.0,22.0,3.9,29.3,7.8,33.2
161680,2004,1,3,3.0,3.0,0.2,25.6,1.0,26.4
161680,2005,1,19,19.0,19.0,2.1,27.5,4.0,29.4
161680,2006,5,29,9.0,5.8,3.7,29.1,5.1,30.5
161680,2007,1,3,3.0,3.0,4.2,29.6,4.5,29.9
161680,2008,1,12,12.0,12.0,1.8,27.2,2.6,28.0
161680,2009,4,26,9.0,6.5,2.4,27.8,4.8,30.2
161680,2010,2,9,6.0,4.5,4.0,29.4,5.3,30.7
161680,2011,2,12,7.0,6.0,3.2,28.6,4.9,30.3
161680,2012,3,37,17.0,12.3,3.7,29.1,6.4,31.8
161680,2013,4,20,7.0,5.0,3.0,28.4,5.8,31.2
161680,2014,1,7,7.0,7.0,1.7,27.1,2.3,27.7
161680,2015,6,43,12.0,7.2,2.8,28.2,6.2,31.6
161680,2016,3,13,5.0,4.3,3.2,28.6,5.1,30.5
161680,2017,5,48,22.0,9.6,3.5,28.9,6.7,32.1
161680,2018,5,22,6.0,4.4,3.7,29.1,6.0,31.4
161680,2019,4,40,24.0,10.0,2.8,28.2,6.4,31.8
161680,2020,5,17,4.0,3.4,3.5,28.9,5.8,31.2
161680,2021,4,30,14.0,7.5,2.7,28.1,7.3,32.7
162420,1981,2,10,6.0,5.0,3.3,30.0,7.3,34.0
162420,1982,2,8,5.0,4.0,1.3,28.0,4.9,31.6
162420,1983,3,11,5.0,3.7,4.4,31.1,7.9,34.6
162420,1984,0,0,,,,,,
162420,1985,1,4,4.0,4.0,4.9,31.6,5.7,32.4
162420,1986,0,0,,,,,,
162420,1987,1,3,3.0,3.0,0.9,27.6,1.2,27.9
162420,1988,3,13,6.0,4.3,5.1,31.8,7.2,33.9
162420,1989,1,3,3.0,3.0,5.0,31.7,5.8,32.5
162420,1990,0,0,,,,,,
162420,1991,1,4,4.0,4.0,3.4,30.1,4.0,30.7
162420,1992,3,15,6.0,5.0,4.5,31.2,5.9,32.6
162420,1993,5,19,7.0,3.8,4.0,30.7,6.9,33.6
162420,1994,4,24,8.0,6.0,4.1,30.8,6.4,33.1
162420,1995,1,3,3.0,3.0,4.3,31.0,4.4,31.1
162420,1996,1,7,7.0,7.0,2.0,28.7,2.6,29.3
162420,1997,1,6,6.0,6.0,1.1,27.8,2.5,29.2
162420,1998,4,16,6.0,4.0,4.1,30.8,7.6,34.3
162420,1999,1,4,4.0,4.0,1.4,28.1,3.3,30.0
162420,2000,4,23,13.0,5.8,1.6,28.3,5.8,32.5
162420,2001,2,7,4.0,3.5,2.3,29.0,3.4,30.1
162420,2002,1,14,14.0,14.0,3.1,29.8,5.8,32.5
162420,2003,3,57,29.0,19.0,3.7,30.4,7.2,33.9
162420,2004,1,4,4.0,4.0,4.0,30.7,4.8,31.5
162420,2005,1,13,13.0,13.0,2.5,29.2,5.5,32.2
162420,2006,2,15,12.0,7.5,3.5,30.2,4.5,31.2
162420,2007,2,10,7.0,5.0,3.6,30.3,7.9,34.6
162420,2008,2,28,14.0,14.0,2.7,29.4,4.0,30.7
162420,2009,3,25,10.0,8.3,3.0,29.7,6.3,33.0
162420,2010,2,8,5.0,4.0,4.2,30.9,6.8,33.5
162420,2011,1,8,8.0,8.0,5.4,32.1,6.2,32.9
162420,2012,5,35,9.0,7.0,4.0,30.7,7.2,33.9
162420,2013,3,17,8.0,5.7,4.5,31.2,7.6,34.3
162420,2014,1,8,8.0,8.0,2.2,28.9,3.5,30.2
162420,2015,7,44,10.0,6.3,3.5,30.2,6.8,33.5
162420,2016,3,14,7.0,4.7,3.6,30.3,5.2,31.9
162420,2017,5,45,19.0,9.0,4.2,30.9,7.9,34.6
162420,2018,3,11,4.0,3.7,3.9,30.6,5.8,32.5
162420,2019,5,44,22.0,8.8,3.7,30.4,6.4,33.1
162420,2020,2,10,6.0,5.0,4.3,31.0,6.6,33.3
162420,2021,4,26,13.0,6.5,3.3,30.0,7.1,33.8
162450,1981,2,9,6.0,4.5,3.2,29.6,7.0,33.4
162450,1982,2,8,5.0,4.0,1.4,27.8,5.3,31.7
162450,1983,3,13,7.0,4.3,4.1,30.5,7.6,34.0
162450,1984,0,0,,,,,,
162450,1985,1,4,4.0,4.0,4.7,31.1,5.6,32.0
162450,1986,0,0,,,,,,
162450,1987,1,4,4.0,4.0,0.8,27.2,1.4,27.8
162450,1988,3,15,6.0,5.0,5.2,31.6,7.4,33.8
162450,1989,1,3,3.0,3.0,5.1,31.5,5.9,32.3
162450,1990,0,0,,,,,,
162450,1991,1,4,4.0,4.0,3.3,29.7,3.9,30.3
162450,1992,3,14,6.0,4.7,4.5,30.9,5.7,32.1
162450,1993,5,19,7.0,3.8,4.0,30.4,7.0,33.4
162450,1994,6,32,9.0,5.3,3.6,30.0,6.2,32.6
162450,1995,1,4,4.0,4.0,4.1,30.5,4.3,30.7
162450,1996,1,7,7.0,7.0,1.9,28.3,2.5,28.9
162450,1997,1,5,5.0,5.0,1.5,27.9,2.9,29.3
162450,1998,4,16,6.0,4.0,4.0,30.4,7.6,34.0
162450,1999,2,7,4.0,3.5,2.2,28.6,3.3,29.7
162450,2000,5,26,13.0,5.2,2.1,28.5,5.9,32.3
162450,2001,2,8,4.0,4.0,2.2,28.6,3.4,29.8
162450,2002,1,15,15.0,15.0,3.2,29.6,5.3,31.7
162450,2003,3,59,29.0,19.7,3.7,30.1,7.2,33.6
162450,2004,1,4,4.0,4.0,4.1,30.5,5.2,31.6
162450,2005,1,14,14.0,14.0,2.3,28.7,5.5,31.9
162450,2006,2,15,12.0,7.5,3.4,29.8,4.8,31.2
162450,2007,2,12,7.0,6.0,3.6,30.0,8.1,34.5
162450,2008,2,28,14.0,14.0,2.8,29.2,4.3,30.7
162450,2009,2,29,23.0,14.5,2.4,28.8,6.4,32.8
162450,2010,3,14,8.0,4.7,2.8,29.2,6.6,33.0
162450,2011,2,12,9.0,6.0,3.0,29.4,6.2,32.6
162450,2012,5,33,9.0,6.6,4.0,30.4,7.1,33.5
162450,2013,3,16,8.0,5.3,4.6,31.0,7.8,34.2
162450,2014,1,8,8.0,8.0,2.1,28.5,3.4,29.8
162450,2015,7,45,11.0,6.4,3.4,29.8,6.8,33.2
162450,2016,3,14,7.0,4.7,3.6,30.0,4.8,31.2
162450,2017,5,49,19.0,9.8,4.2,30.6,7.9,34.3
162450,2018,1,4,4.0,4.0,5.3,31.7,5.6,32.0
162450,2019,5,41,22.0,8.2,3.8,30.2,6.7,33.1
162450,2020,3,13,6.0,4.3,4.3,30.7,6.6,33.0
162450,2021,4,26,13.0,6.5,4.6,31.0,7.3,33.7
162890,1981,3,10,4.0,3.3,3.1,30.1,9.0,36.0
162890,1982,1,3,3.0,3.0,4.5,31.5,5.7,32.7
162890,1983,2,6,3.0,3.0,4.2,31.2,8.2,35.2
162890,1984,0,0,,,,,,
162890,1985,1,4,4.0,4.0,5.3,32.3,6.0,33.0
162890,1986,0,0,,,,,,
162890,1987,3,11,5.0,3.7,3.4,30.4,7.6,34.6
162890,1988,3,16,7.0,5.3,5.6,32.6,7.6,34.6
162890,1989,0,0,,,,,,
162890,1990,1,3,3.0,3.0,2.8,29.8,3.0,30.0
162890,1991,0,0,,,,,,
162890,1992,3,15,6.0,5.0,5.1,32.1,6.8,33.8
162890,1993,3,12,5.0,4.0,4.0,31.0,7.0,34.0
162890,1994,4,14,5.0,3.5,4.2,31.2,6.7,33.7
162890,1995,0,0,,,,,,
162890,1996,1,5,5.0,5.0,1.4,28.4,2.4,29.4
162890,1997,1,10,10.0,10.0,1.7,28.7,4.5,31.5
162890,1998,4,17,5.0,4.2,4.2,31.2,6.5,33.5
162890,1999,3,10,4.0,3.3,2.7,29.7,8.6,35.6
162890,2000,4,21,8.0,5.2,2.6,29.6,5.7,32.7
162890,2001,1,4,4.0,4.0,5.3,32.3,5.8,32.8
162890,2002,1,12,12.0,12.0,2.9,29.9,4.4,31.4
162890,2003,4,56,29.0,14.0,4.7,31.7,7.7,34.7
162890,2004,1,4,4.0,4.0,4.5,31.5,6.3,33.3
162890,2005,3,21,14.0,7.0,3.3,30.3,8.4,35.4
162890,2006,2,16,13.0,8.0,4.0,31.0,7.6,34.6
162890,2007,4,25,9.0,6.2,4.8,31.8,9.6,36.6
162890,2008,2,10,6.0,5.0,2.6,29.6,3.4,30.4
162890,2009,3,28,20.0,9.3,3.3,30.3,7.6,34.6
162890,2010,2,7,4.0,3.5,3.4,30.4,5.9,32.9
162890,2011,2,14,8.0,7.0,5.4,32.4,7.6,34.6
162890,2012,6,42,10.0,7.0,4.2,31.2,9.0,36.0
162890,2013,2,16,10.0,8.0,4.4,31.4,7.4,34.4
162890,2014,1,7,7.0,7.0,2.2,29.2,3.6,30.6
162890,2015,7,51,10.0,7.3,3.8,30.8,8.3,35.3
162890,2016,4,17,5.0,4.2,3.8,30.8,5.3,32.3
162890,2017,6,41,11.0,6.8,4.5,31.5,9.0,36.0
162890,2018,1,7,7.0,7.0,5.4,32.4,6.4,33.4
162890,2019,5,43,13.0,8.6,4.5,31.5,7.0,34.0
162890,2020,2,6,3.0,3.0,4.0,31.0,4.8,31.8
162890,2021,5,37,12.0,7.4,4.5,31.5,8.8,35.8
163100,1981,2,6,3.0,3.0,2.4,28.2,5.9,31.7
163100,1982,2,8,5.0,4.0,4.6,30.4,7.7,33.5
163100,1983,1,4,4.0,4.0,5.7,31.5,6.7,32.5
163100,1984,0,0,,,,,,
163100,1985,0,0,,,,,,
163100,1986,0,0,,,,,,
163100,1987,2,13,8.0,6.5,4.8,30.6,7.7,33.5
163100,1988,2,14,7.0,7.0,5.0,30.8,8.1,33.9
163100,1989,0,0,,,,,,
163100,1990,0,0,,,,,,
163100,1991,0,0,,,,,,
163100,1992,0,0,,,,,,
163100,1993,3,14,7.0,4.7,3.7,29.5,6.2,32.0
163100,1994,3,9,3.0,3.0,3.9,29.7,5.1,30.9
163100,1995,0,0,,,,,,
163100,1996,1,3,3.0,3.0,0.1,25.9,0.4,26.2
163100,1997,1,9,9.0,9.0,2.3,28.1,6.0,31.8
163100,1998,3,14,6.0,4.7,4.1,29.9,6.8,32.6
163100,1999,4,18,5.0,4.5,3.1,28.9,8.6,34.4
163100,2000,4,20,8.0,5.0,2.2,28.0,5.9,31.7
163100,2001,1,4,4.0,4.0,1.0,26.8,1.7,27.5
163100,2002,1,10,10.0,10.0,1.9,27.7,3.8,29.6
163100,2003,4,40,23.0,10.0,3.7,29.5,6.1,31.9
163100,2004,1,4,4.0,4.0,4.6,30.4,6.4,32.2
163100,2005,2,10,5.0,5.0,4.2,30.0,6.7,32.5
163100,2006,3,16,6.0,5.3,4.7,30.5,8.3,34.1
163100,2007,3,29,11.0,9.7,5.1,30.9,10.6,36.4
163100,2008,2,11,8.0,5.5,3.6,29.4,5.5,31.3
163100,2009,4,21,8.0,5.2,2.9,28.7,5.1,30.9
163100,2010,4,14,4.0,3.5,2.9,28.7,4.6,30.4
163100,2011,2,15,9.0,7.5,4.4,30.2,5.5,31.3
163100,2012,5,44,12.0,8.8,3.8,29.6,7.9,33.7
163100,2013,2,13,7.0,6.5,3.7,29.5,5.3,31.1
163100,2014,1,6,6.0,6.0,0.8,26.6,1.8,27.6
163100,2015,5,24,9.0,4.8,4.7,30.5,6.4,32.2
163100,2016,2,7,4.0,3.5,3.5,29.3,4.0,29.8
163100,2017,6,45,11.0,7.5,3.7,29.5,8.3,34.1
163100,2018,1,3,3.0,3.0,0.6,26.4,1.5,27.3
163100,2019,5,48,16.0,9.6,3.2,29.0,5.6,31.4
163100,2020,3,9,3.0,3.0,3.4,29.2,4.9,30.7
163100,2021,4,35,11.0,8.8,5.2,31.0,7.6,33.4
164290,1981,0,0,,,,,,
164290,1982,1,7,7.0,7.0,3.9,33.2,5.4,34.7
164290,1983,2,9,6.0,4.5,3.7,33.0,7.7,37.0
164290,1984,0,0,,,,,,
164290,1985,0,0,,,,,,
164290,1986,0,0,,,,,,
164290,1987,4,14,4.0,3.5,4.7,34.0,7.5,36.8
164290,1988,3,13,7.0,4.3,5.1,34.4,8.4,37.7
164290,1989,0,0,,,,,,
164290,1990,1,3,3.0,3.0,2.7,32.0,3.2,32.5
164290,1991,1,4,4.0,4.0,2.9,32.2,3.1,32.4
164290,1992,1,4,4.0,4.0,3.3,32.6,4.0,33.3
164290,1993,4,17,7.0,4.2,4.0,33.3,6.1,35.4
164290,1994,4,18,7.0,4.5,4.7,34.0,8.6,37.9
164290,1995,0,0,,,,,,
164290,1996,0,0,,,,,,
164290,1997,2,14,11.0,7.0,4.1,33.4,5.6,34.9
164290,1998,2,13,7.0,6.5,3.1,32.4,7.5,36.8
164290,1999,2,11,8.0,5.5,6.0,35.3,9.8,39.1
164290,2000,2,15,10.0,7.5,5.9,35.2,9.9,39.2
164290,2001,0,0,,,,,,
164290,2002,1,8,8.0,8.0,2.8,32.1,3.6,32.9
164290,2003,5,37,14.0,7.4,4.5,33.8,7.7,37.0
164290,2004,0,0,,,,,,
164290,2005,1,4,4.0,4.0,4.0,33.3,5.0,34.3
164290,2006,2,17,12.0,8.5,5.3,34.6,8.6,37.9
164290,2007,4,25,9.0,6.2,4.9,34.2,7.8,37.1
164290,2008,3,11,5.0,3.7,4.0,33.3,6.4,35.7
164290,2009,2,13,10.0,6.5,3.1,32.4,5.3,34.6
164290,2010,3,11,4.0,3.7,3.3,32.6,6.3,35.6
164290,2011,3,16,8.0,5.3,4.8,34.1,6.4,35.7
164290,2012,5,28,10.0,5.6,5.0,34.3,8.4,37.7
164290,2013,2,7,4.0,3.5,4.2,33.5,6.6,35.9
164290,2014,2,7,4.0,3.5,0.7,30.0,1.1,30.4
164290,2015,2,8,4.0,4.0,6.1,35.4,7.0,36.3
164290,2016,0,0,,,,,,
164290,2017,7,39,10.0,5.6,3.7,33.0,9.8,39.1
164290,2018,0,0,,,,,,
164290,2019,4,23,7.0,5.8,4.3,33.6,6.9,36.2
164290,2020,2,7,4.0,3.5,4.6,33.9,7.3,36.6
164290,2021,4,31,15.0,7.8,5.9,35.2,10.7,40.0
164050,1981,0,0,,,,,,
164050,1982,2,11,8.0,5.5,6.9,35.0,10.7,38.8
164050,1983,1,7,7.0,7.0,7.6,35.7,10.0,38.1
164050,1984,0,0,,,,,,
164050,1985,0,0,,,,,,
164050,1986,0,0,,,,,,
164050,1987,3,14,6.0,4.7,6.6,34.7,9.6,37.7
164050,1988,2,9,5.0,4.5,6.6,34.7,10.6,38.7
164050,1989,0,0,,,,,,
164050,1990,0,0,,,,,,
164050,1991,0,0,,,,,,
164050,1992,0,0,,,,,,
164050,1993,3,11,4.0,3.7,5.4,33.5,8.7,36.8
164050,1994,3,18,10.0,6.0,4.1,32.2,9.1,37.2
164050,1995,1,4,4.0,4.0,5.1,33.2,5.4,33.5
164050,1996,1,3,3.0,3.0,7.2,35.3,7.6,35.7
164050,1997,1,9,9.0,9.0,4.6,32.7,8.3,36.4
164050,1998,2,13,7.0,6.5,5.3,33.4,9.9,38.0
164050,1999,2,10,5.0,5.0,7.9,36.0,12.0,40.1
164050,2000,2,15,9.0,7.5,6.4,34.5,8.9,37.0
164050,2001,0,0,,,,,,
164050,2002,1,4,4.0,4.0,6.7,34.8,7.1,35.2
164050,2003,5,24,7.0,4.8,5.8,33.9,8.1,36.2
164050,2004,1,3,3.0,3.0,5.9,34.0,7.5,35.6
164050,2005,2,6,3.0,3.0,5.1,33.2,6.9,35.0
164050,2006,2,18,13.0,9.0,5.9,34.0,8.3,36.4
164050,2007,3,23,11.0,7.7,7.4,35.5,11.3,39.4
164050,2008,0,0,,,,,,
164050,2009,1,3,3.0,3.0,4.6,32.7,5.1,33.2
164050,2010,1,3,3.0,3.0,4.5,32.6,5.2,33.3
164050,2011,1,3,3.0,3.0,5.5,33.6,6.0,34.1
164050,2012,3,12,5.0,4.0,6.2,34.3,9.5,37.6
164050,2013,0,0,,,,,,
164050,2014,1,3,3.0,3.0,4.3,32.4,5.7,33.8
164050,2015,1,3,3.0,3.0,7.7,35.8,8.3,36.4
164050,2016,0,0,,,,,,
164050,2017,4,20,8.0,5.0,7.0,35.1,9.3,37.4
164050,2018,0,0,,,,,,
164050,2019,3,13,6.0,4.3,5.1,33.2,7.8,35.9
164050,2020,2,7,4.0,3.5,5.7,33.8,8.1,36.2
164050,2021,3,27,12.0,9.0,7.1,35.2,10.4,38.5
77650,1981,2,12,8.0,6.0,4.1,31.0,7.6,34.5
77650,1982,1,3,3.0,3.0,5.2,32.1,6.6,33.5
77650,1983,2,18,14.0,9.0,3.9,30.8,9.5,36.4
77650,1984,0,0,,,,,,
77650,1985,1,3,3.0,3.0,5.4,32.3,5.8,32.7
77650,1986,0,0,,,,,,
77650,1987,0,0,,,,,,
77650,1988,1,4,4.0,4.0,5.2,32.1,5.5,32.4
77650,1989,0,0,,,,,,
77650,1990,0,0,,,,,,
77650,1991,1,3,3.0,3.0,4.3,31.2,5.0,31.9
77650,1992,2,8,5.0,4.0,4.4,31.3,5.4,32.3
77650,1993,2,8,5.0,4.0,5.9,32.8,8.2,35.1
77650,1994,4,22,7.0,5.5,3.7,30.6,8.6,35.5
77650,1995,1,3,3.0,3.0,5.7,32.6,6.1,33.0
77650,1996,1,3,3.0,3.0,1.6,28.5,1.8,28.7
77650,1997,1,8,8.0,8.0,1.6,28.5,2.9,29.8
77650,1998,3,13,6.0,4.3,4.3,31.2,6.3,33.2
77650,1999,1,3,3.0,3.0,3.3,30.2,3.4,30.3
77650,2000,5,22,7.0,4.4,4.2,31.1,9.5,36.4
77650,2001,3,14,6.0,4.7,4.9,31.8,7.3,34.2
77650,2002,2,16,13.0,8.0,1.5,28.4,5.8,32.7
77650,2003,6,69,17.0,11.5,5.0,31.9,9.2,36.1
77650,2004,0,0,,,,,,
77650,2005,1,10,10.0,10.0,3.9,30.8,6.8,33.7
77650,2006,2,17,14.0,8.5,4.8,31.7,6.6,33.5
77650,2007,4,24,7.0,6.0,4.4,31.3,8.3,35.2
77650,2008,5,25,12.0,5.0,4.4,31.3,7.1,34.0
77650,2009,3,19,10.0,6.3,2.6,29.5,8.0,34.9
77650,2010,2,8,4.0,4.0,4.7,31.6,6.5,33.4
77650,2011,2,11,7.0,5.5,4.7,31.6,6.8,33.7
77650,2012,5,40,17.0,8.0,4.8,31.7,7.3,34.2
77650,2013,2,9,6.0,4.5,3.0,29.9,6.0,32.9
77650,2014,1,7,7.0,7.0,3.0,29.9,4.3,31.2
77650,2015,6,34,10.0,5.7,4.6,31.5,7.9,34.8
77650,2016,2,7,4.0,3.5,3.3,30.2,4.0,30.9
77650,2017,5,46,11.0,9.2,5.2,32.1,11.6,38.5
77650,2018,1,3,3.0,3.0,5.7,32.6,5.9,32.8
77650,2019,4,32,22.0,8.0,4.9,31.8,8.5,35.4
77650,2020,5,18,5.0,3.6,5.5,32.4,7.7,34.6
77650,2021,3,13,7.0,4.3,4.2,31.1,8.7,35.6
77800,1981,2,11,7.0,5.5,2.4,26.4,5.3,29.3
77800,1982,3,10,4.0,3.3,3.3,27.3,4.8,28.8
77800,1983,2,20,15.0,10.0,3.2,27.2,8.2,32.2
77800,1984,0,0,,,,,,
77800,1985,0,0,,,,,,
77800,1986,2,6,3.0,3.0,4.6,28.6,6.4,30.4
77800,1987,0,0,,,,,,
77800,1988,2,6,3.0,3.0,4.4,28.4,5.1,29.1
77800,1989,0,0,,,,,,
77800,1990,0,0,,,,,,
77800,1991,1,6,6.0,6.0,3.3,27.3,4.3,28.3
77800,1992,2,10,5.0,5.0,4.0,28.0,5.3,29.3
77800,1993,0,0,,,,,,
77800,1994,5,22,7.0,4.4,4.1,28.1,7.8,31.8
77800,1995,0,0,,,,,,
77800,1996,1,7,7.0,7.0,0.0,24.0,0.3,24.3
77800,1997,1,9,9.0,9.0,0.5,24.5,1.5,25.5
77800,1998,2,8,4.0,4.0,1.4,25.4,5.3,29.3
77800,1999,1,4,4.0,4.0,3.2,27.2,3.6,27.6
77800,2000,3,17,8.0,5.7,1.8,25.8,6.7,30.7
77800,2001,0,0,,,,,,
77800,2002,1,14,14.0,14.0,2.3,26.3,3.8,27.8
77800,2003,4,67,31.0,16.8,4.1,28.1,7.1,31.1
77800,2004,1,3,3.0,3.0,3.3,27.3,3.4,27.4
77800,2005,2,17,14.0,8.5,3.4,27.4,4.8,28.8
77800,2006,5,35,12.0,7.0,3.7,27.7,5.5,29.5
77800,2007,2,10,5.0,5.0,2.2,26.2,5.8,29.8
77800,2008,3,19,13.0,6.3,3.0,27.0,4.6,28.6
77800,2009,3,26,13.0,8.7,2.8,26.8,5.6,29.6
77800,2010,1,10,10.0,10.0,4.5,28.5,5.4,29.4
77800,2011,3,13,7.0,4.3,3.7,27.7,5.7,29.7
77800,2012,6,39,11.0,6.5,3.5,27.5,6.3,30.3
77800,2013,3,16,9.0,5.3,4.0,28.0,6.9,30.9
77800,2014,2,11,8.0,5.5,1.4,25.4,3.6,27.6
77800,2015,5,46,13.0,9.2,3.6,27.6,6.3,30.3
77800,2016,3,11,5.0,3.7,2.8,26.8,4.3,28.3
77800,2017,4,42,20.0,10.5,4.0,28.0,8.4,32.4
77800,2018,4,23,14.0,5.8,3.8,27.8,5.8,29.8
77800,2019,5,39,17.0,7.8,3.8,27.8,6.7,30.7
77800,2020,5,26,9.0,5.2,3.9,27.9,6.5,30.5
77800,2021,4,25,14.0,6.2,3.4,27.4,5.9,29.9
77610,1981,2,13,7.0,6.5,3.7,28.5,6.8,31.6
77610,1982,2,10,6.0,5.0,5.1,29.9,6.2,31.0
77610,1983,2,20,14.0,10.0,4.6,29.4,12.2,37.0
77610,1984,1,4,4.0,4.0,5.8,30.6,6.8,31.6
77610,1985,1,4,4.0,4.0,1.0,25.8,2.6,27.4
77610,1986,0,0,,,,,,
77610,1987,1,3,3.0,3.0,2.5,27.3,2.8,27.6
77610,1988,1,4,4.0,4.0,4.9,29.7,5.5,30.3
77610,1989,0,0,,,,,,
77610,1990,0,0,,,,,,
77610,1991,1,5,5.0,5.0,4.0,28.8,4.8,29.6
77610,1992,2,9,5.0,4.5,4.8,29.6,7.2,32.0
77610,1993,2,8,5.0,4.0,3.2,28.0,6.4,31.2
77610,1994,5,19,5.0,3.8,5.8,30.6,8.9,33.7
77610,1995,0,0,,,,,,
77610,1996,1,6,6.0,6.0,1.1,25.9,1.8,26.6
77610,1997,1,10,10.0,10.0,1.8,26.6,4.5,29.3
77610,1998,3,13,5.0,4.3,4.5,29.3,8.6,33.4
77610,1999,2,8,5.0,4.0,4.7,29.5,6.8,31.6
77610,2000,3,16,9.0,5.3,4.6,29.4,8.7,33.5
77610,2001,2,8,5.0,4.0,3.4,28.2,5.4,30.2
77610,2002,1,13,13.0,13.0,2.8,27.6,4.0,28.8
77610,2003,5,64,29.0,12.8,5.1,29.9,8.1,32.9
77610,2004,1,3,3.0,3.0,5.0,29.8,5.5,30.3
77610,2005,2,14,9.0,7.0,2.6,27.4,6.3,31.1
77610,2006,4,27,14.0,6.8,4.4,29.2,7.8,32.6
77610,2007,1,6,6.0,6.0,4.4,29.2,6.8,31.6
77610,2008,2,10,7.0,5.0,2.4,27.2,3.1,27.9
77610,2009,5,26,9.0,5.2,4.2,29.0,10.2,35.0
77610,2010,0,0,,,,,,
77610,2011,2,12,8.0,6.0,4.8,29.6,6.6,31.4
77610,2012,5,22,8.0,4.4,4.0,28.8,7.1,31.9
77610,2013,2,9,5.0,4.5,5.2,30.0,9.6,34.4
77610,2014,2,12,9.0,6.0,2.4,27.2,4.8,29.6
77610,2015,6,29,7.0,4.8,3.8,28.6,6.6,31.4
77610,2016,1,3,3.0,3.0,2.8,27.6,3.2,28.0
77610,2017,4,39,18.0,9.8,5.2,30.0,10.1,34.9
77610,2018,0,0,,,,,,
77610,2019,5,31,16.0,6.2,4.2,29.0,7.4,32.2
77610,2020,3,12,5.0,4.0,5.2,30.0,8.0,32.8
77610,2021,2,16,9.0,8.0,4.4,29.2,7.6,32.4
165600,1981,2,7,4.0,3.5,4.0,33.6,6.2,35.8
165600,1982,3,12,5.0,4.0,6.7,36.3,9.1,38.7
165600,1983,2,15,10.0,7.5,4.8,34.4,11.9,41.5
165600,1984,0,0,,,,,,
165600,1985,1,3,3.0,3.0,4.1,33.7,5.3,34.9
165600,1986,0,0,,,,,,
165600,1987,1,6,6.0,6.0,6.6,36.2,8.5,38.1
165600,1988,0,0,,,,,,
165600,1989,0,0,,,,,,
165600,1990,0,0,,,,,,
165600,1991,2,8,5.0,4.0,4.0,33.6,5.8,35.4
165600,1992,2,9,5.0,4.5,5.2,34.8,6.3,35.9
165600,1993,3,11,5.0,3.7,5.1,34.7,8.2,37.8
165600,1994,4,29,13.0,7.2,5.0,34.6,8.9,38.5
165600,1995,0,0,,,,,,
165600,1996,0,0,,,,,,
165600,1997,1,7,7.0,7.0,2.6,32.2,3.6,33.2
165600,1998,4,27,12.0,6.8,3.5,33.1,10.0,39.6
165600,1999,3,20,13.0,6.7,4.5,34.1,9.9,39.5
165600,2000,2,11,8.0,5.5,5.4,35.0,8.4,38.0
165600,2001,1,3,3.0,3.0,4.2,33.8,6.7,36.3
165600,2002,2,17,13.0,8.5,4.2,33.8,5.9,35.5
165600,2003,7,61,22.0,8.7,5.1,34.7,9.2,38.8
165600,2004,2,6,3.0,3.0,3.4,33.0,4.6,34.2
165600,2005,1,5,5.0,5.0,4.0,33.6,5.1,34.7
165600,2006,1,15,15.0,15.0,3.7,33.3,5.3,34.9
165600,2007,2,9,6.0,4.5,4.4,34.0,7.3,36.9
165600,2008,1,4,4.0,4.0,6.1,35.7,7.6,37.2
165600,2009,2,10,6.0,5.0,4.6,34.2,6.0,35.6
165600,2010,1,5,5.0,5.0,3.8,33.4,5.1,34.7
165600,2011,2,11,7.0,5.5,3.4,33.0,5.3,34.9
165600,2012,5,27,8.0,5.4,4.4,34.0,6.9,36.5
165600,2013,1,5,5.0,5.0,5.4,35.0,6.5,36.1
165600,2014,2,10,7.0,5.0,2.6,32.2,5.9,35.5
165600,2015,5,25,6.0,5.0,3.6,33.2,6.9,36.5
165600,2016,3,11,4.0,3.7,3.8,33.4,5.9,35.5
165600,2017,5,27,9.0,5.4,5.1,34.7,9.4,39.0
165600,2018,0,0,,,,,,
165600,2019,3,20,7.0,6.7,4.6,34.2,8.2,37.8
165600,2020,7,33,7.0,4.7,5.2,34.8,9.8,39.4
165600,2021,6,38,15.0,6.3,4.5,34.1,12.5,42.1
165460,1981,2,10,6.0,5.0,3.9,34.0,6.6,36.7
165460,1982,3,19,8.0,6.3,5.8,35.9,9.7,39.8
165460,1983,2,16,11.0,8.0,5.3,35.4,12.3,42.4
165460,1984,0,0,,,,,,
165460,1985,0,0,,,,,,
165460,1986,0,0,,,,,,
165460,1987,1,6,6.0,6.0,6.7,36.8,8.4,38.5
165460,1988,0,0,,,,,,
165460,1989,0,0,,,,,,
165460,1990,0,0,,,,,,
165460,1991,2,8,5.0,4.0,4.1,34.2,6.0,36.1
165460,1992,2,9,5.0,4.5,5.3,35.4,6.3,36.4
165460,1993,3,12,6.0,4.0,5.4,35.5,8.3,38.4
165460,1994,4,29,13.0,7.2,5.4,35.5,9.2,39.3
165460,1995,0,0,,,,,,
165460,1996,0,0,,,,,,
165460,1997,1,7,7.0,7.0,2.9,33.0,3.9,34.0
165460,1998,4,24,9.0,6.0,3.7,33.8,9.9,40.0
165460,1999,3,21,13.0,7.0,4.5,34.6,9.9,40.0
165460,2000,2,13,8.0,6.5,6.1,36.2,9.4,39.5
165460,2001,1,4,4.0,4.0,4.2,34.3,7.1,37.2
165460,2002,3,20,13.0,6.7,2.6,32.7,7.2,37.3
165460,2003,9,66,22.0,7.3,4.2,34.3,9.3,39.4
165460,2004,2,6,3.0,3.0,3.7,33.8,4.6,34.7
165460,2005,1,5,5.0,5.0,4.7,34.8,5.7,35.8
165460,2006,2,15,10.0,7.5,4.3,34.4,6.1,36.2
165460,2007,2,9,6.0,4.5,4.7,34.8,7.3,37.4
165460,2008,3,13,6.0,4.3,4.0,34.1,8.2,38.3
165460,2009,3,14,6.0,4.7,4.0,34.1,6.0,36.1
165460,2010,2,7,4.0,3.5,4.7,34.8,5.7,35.8
165460,2011,3,14,7.0,4.7,4.3,34.4,6.0,36.1
165460,2012,6,34,8.0,5.7,4.3,34.4,8.9,39.0
165460,2013,1,5,5.0,5.0,6.2,36.3,6.9,37.0
165460,2014,2,12,7.0,6.0,2.6,32.7,5.8,35.9
165460,2015,4,24,7.0,6.0,3.4,33.5,6.4,36.5
165460,2016,6,20,4.0,3.3,3.2,33.3,5.4,35.5
165460,2017,7,37,9.0,5.3,4.3,34.4,9.2,39.3
165460,2018,1,3,3.0,3.0,5.7,35.8,6.1,36.2
165460,2019,2,21,15.0,10.5,5.1,35.2,8.1,38.2
165460,2020,5,27,8.0,5.4,5.7,35.8,10.6,40.7
165460,2021,7,42,15.0,6.0,5.1,35.2,13.0,43.1
165200,1981,2,6,3.0,3.0,2.2,29.2,2.6,29.6
165200,1982,2,8,4.0,4.0,6.3,33.3,7.3,34.3
165200,1983,2,17,12.0,8.5,5.7,32.7,13.1,40.1
165200,1984,1,4,4.0,4.0,7.3,34.3,8.8,35.8
165200,1985,1,3,3.0,3.0,5.5,32.5,6.4,33.4
165200,1986,0,0,,,,,,
165200,1987,1,4,4.0,4.0,2.9,29.9,3.3,30.3
165200,1988,0,0,,,,,,
165200,1989,0,0,,,,,,
165200,1990,0,0,,,,,,
165200,1991,2,7,4.0,3.5,3.7,30.7,4.8,31.8
165200,1992,1,4,4.0,4.0,3.7,30.7,4.3,31.3
165200,1993,2,7,4.0,3.5,3.8,30.8,7.3,34.3
165200,1994,4,14,5.0,3.5,7.2,34.2,10.5,37.5
165200,1995,0,0,,,,,,
165200,1996,0,0,,,,,,
165200,1997,3,10,4.0,3.3,4.7,31.7,8.6,35.6
165200,1998,2,9,5.0,4.5,6.0,33.0,9.7,36.7
165200,1999,2,6,3.0,3.0,6.6,33.6,9.9,36.9
165200,2000,3,16,9.0,5.3,6.3,33.3,11.9,38.9
165200,2001,1,4,4.0,4.0,3.9,30.9,5.0,32.0
165200,2002,1,9,9.0,9.0,3.4,30.4,4.6,31.6
165200,2003,7,49,20.0,7.0,5.5,32.5,11.3,38.3
165200,2004,0,0,,,,,,
165200,2005,2,10,7.0,5.0,6.1,33.1,7.9,34.9
165200,2006,3,17,8.0,5.7,6.2,33.2,9.3,36.3
165200,2007,2,8,5.0,4.0,6.6,33.6,8.7,35.7
165200,2008,1,3,3.0,3.0,4.7,31.7,5.2,32.2
165200,2009,4,15,6.0,3.8,5.3,32.3,12.5,39.5
165200,2010,0,0,,,,,,
165200,2011,3,16,8.0,5.3,6.5,33.5,8.5,35.5
165200,2012,4,16,6.0,4.0,5.9,32.9,8.4,35.4
165200,2013,1,3,3.0,3.0,5.3,32.3,6.5,33.5
165200,2014,1,8,8.0,8.0,2.8,29.8,4.3,31.3
165200,2015,5,19,5.0,3.8,4.3,31.3,7.5,34.5
165200,2016,0,0,,,,,,
165200,2017,4,26,9.0,6.5,6.3,33.3,12.2,39.2
165200,2018,1,3,3.0,3.0,5.3,32.3,6.2,33.2
165200,2019,2,7,4.0,3.5,6.5,33.5,9.9,36.9
165200,2020,3,9,3.0,3.0,6.0,33.0,8.4,35.4
165200,2021,2,13,7.0,6.5,5.8,32.8,10.8,37.8
604900,1981,0,0,,,,,,
604900,1982,0,0,,,,,,
604900,1983,1,4,4.0,4.0,3.2,33.2,5.0,35.0
604900,1984,0,0,,,,,,
604900,1985,0,0,,,,,,
604900,1986,1,3,3.0,3.0,6.5,36.5,8.6,38.6
604900,1987,1,3,3.0,3.0,-0.1,29.9,0.6,30.6
604900,1988,0,0,,,,,,
604900,1989,4,16,5.0,4.0,4.0,34.0,6.3,36.3
604900,1990,0,0,,,,,,
604900,1991,2,7,4.0,3.5,5.8,35.8,7.3,37.3
604900,1992,3,9,3.0,3.0,5.2,35.2,6.8,36.8
604900,1993,1,6,6.0,6.0,6.1,36.1,7.5,37.5
604900,1994,5,22,8.0,4.4,4.8,34.8,10.0,40.0
604900,1995,0,0,,,,,,
604900,1996,1,3,3.0,3.0,6.8,36.8,8.8,38.8
604900,1997,0,0,,,,,,
604900,1998,1,4,4.0,4.0,5.4,35.4,5.9,35.9
604900,1999,2,7,4.0,3.5,5.4,35.4,8.2,38.2
604900,2000,3,11,5.0,3.7,4.1,34.1,5.0,35.0
604900,2001,4,14,5.0,3.5,4.9,34.9,11.4,41.4
604900,2002,2,6,3.0,3.0,4.0,34.0,5.3,35.3
604900,2003,3,9,3.0,3.0,4.1,34.1,6.0,36.0
604900,2004,1,3,3.0,3.0,0.3,30.3,1.2,31.2
604900,2005,1,3,3.0,3.0,5.6,35.6,6.4,36.4
604900,2006,3,9,3.0,3.0,4.1,34.1,6.1,36.1
604900,2007,1,4,4.0,4.0,8.1,38.1,10.0,40.0
604900,2008,2,6,3.0,3.0,3.8,33.8,4.9,34.9
604900,2009,2,9,5.0,4.5,5.9,35.9,10.5,40.5
604900,2010,0,0,,,,,,
604900,2011,3,11,4.0,3.7,4.4,34.4,6.1,36.1
604900,2012,5,20,5.0,4.0,5.0,35.0,9.9,39.9
604900,2013,0,0,,,,,,
604900,2014,3,9,3.0,3.0,5.0,35.0,6.7,36.7
604900,2015,7,30,5.0,4.3,5.3,35.3,8.1,38.1
604900,2016,2,8,5.0,4.0,3.0,33.0,5.2,35.2
604900,2017,5,22,7.0,4.4,3.9,33.9,8.5,38.5
604900,2018,1,3,3.0,3.0,5.9,35.9,6.4,36.4
604900,2019,1,6,6.0,6.0,5.1,35.1,5.6,35.6
604900,2020,6,25,5.0,4.2,5.6,35.6,10.3,40.3
604900,2021,4,18,6.0,4.5,5.3,35.3,10.5,40.5
603900,1981,0,0,,,,,,
603900,1982,1,4,4.0,4.0,7.6,38.4,8.9,39.7
603900,1983,2,6,3.0,3.0,5.8,36.6,8.7,39.5
603900,1984,1,4,4.0,4.0,8.1,38.9,9.4,40.2
603900,1985,0,0,,,,,,
603900,1986,0,0,,,,,,
603900,1987,1,6,6.0,6.0,8.7,39.5,11.4,42.2
603900,1988,0,0,,,,,,
603900,1989,1,3,3.0,3.0,8.9,39.7,10.9,41.7
603900,1990,0,0,,,,,,
603900,1991,3,14,8.0,4.7,5.5,36.3,7.7,38.5
603900,1992,1,4,4.0,4.0,6.5,37.3,7.2,38.0
603900,1993,0,0,,,,,,
603900,1994,3,15,5.0,5.0,7.9,38.7,11.3,42.1
603900,1995,0,0,,,,,,
603900,1996,1,3,3.0,3.0,9.1,39.9,9.8,40.6
603900,1997,1,3,3.0,3.0,9.2,40.0,10.8,41.6
603900,1998,1,3,3.0,3.0,7.0,37.8,9.3,40.1
603900,1999,1,3,3.0,3.0,6.5,37.3,7.0,37.8
603900,2000,2,8,5.0,4.0,7.7,38.5,11.7,42.5
603900,2001,1,5,5.0,5.0,6.1,36.9,9.2,40.0
603900,2002,1,5,5.0,5.0,3.5,34.3,4.7,35.5
603900,2003,3,11,5.0,3.7,5.7,36.5,10.7,41.5
603900,2004,1,3,3.0,3.0,8.3,39.1,11.4,42.2
603900,2005,2,6,3.0,3.0,5.9,36.7,6.7,37.5
603900,2006,1,3,3.0,3.0,3.0,33.8,5.5,36.3
603900,2007,1,6,6.0,6.0,8.7,39.5,11.1,41.9
603900,2008,0,0,,,,,,
603900,2009,2,12,8.0,6.0,6.0,36.8,10.9,41.7
603900,2010,0,0,,,,,,
603900,2011,0,0,,,,,,
603900,2012,3,19,10.0,6.3,6.3,37.1,10.0,40.8
603900,2013,0,0,,,,,,
603900,2014,0,0,,,,,,
603900,2015,2,10,6.0,5.0,6.8,37.6,8.7,39.5
603900,2016,0,0,,,,,,
603900,2017,4,18,6.0,4.5,6.3,37.1,13.2,44.0
603900,2018,0,0,,,,,,
603900,2019,4,15,5.0,3.8,7.5,38.3,10.4,41.2
603900,2020,2,7,4.0,3.5,7.5,38.3,9.2,40.0
603900,2021,4,22,8.0,5.5,6.6,37.4,12.1,42.9
604020,1981,0,0,,,,,,
604020,1982,1,3,3.0,3.0,8.1,35.7,9.0,36.6
604020,1983,3,14,7.0,4.7,7.9,35.5,12.4,40.0
604020,1984,1,3,3.0,3.0,9.9,37.5,10.1,37.7
604020,1985,0,0,,,,,,
604020,1986,1,4,4.0,4.0,5.8,33.4,7.2,34.8
604020,1987,1,6,6.0,6.0,9.2,36.8,11.8,39.4
604020,1988,0,0,,,,,,
604020,1989,0,0,,,,,,
604020,1990,0,0,,,,,,
604020,1991,3,11,4.0,3.7,4.9,32.5,8.1,35.7
604020,1992,0,0,,,,,,
604020,1993,0,0,,,,,,
604020,1994,4,18,5.0,4.5,8.2,35.8,13.6,41.2
604020,1995,0,0,,,,,,
604020,1996,0,0,,,,,,
604020,1997,2,7,4.0,3.5,8.5,36.1,12.3,39.9
604020,1998,2,7,4.0,3.5,4.2,31.8,11.3,38.9
604020,1999,1,5,5.0,5.0,7.4,35.0,11.2,38.8
604020,2000,3,10,4.0,3.3,10.1,37.7,12.6,40.2
604020,2001,1,4,4.0,4.0,5.7,33.3,8.5,36.1
604020,2002,1,3,3.0,3.0,1.0,28.6,1.7,29.3
604020,2003,4,16,5.0,4.0,6.2,33.8,10.1,37.7
604020,2004,1,3,3.0,3.0,7.7,35.3,9.5,37.1
604020,2005,0,0,,,,,,
604020,2006,2,6,3.0,3.0,5.3,32.9,8.5,36.1
604020,2007,1,7,7.0,7.0,7.8,35.4,12.0,39.6
604020,2008,0,0,,,,,,
604020,2009,1,4,4.0,4.0,3.7,31.3,6.5,34.1
604020,2010,0,0,,,,,,
604020,2011,1,3,3.0,3.0,8.0,35.6,10.0,37.6
604020,2012,3,9,3.0,3.0,6.4,34.0,8.7,36.3
604020,2013,0,0,,,,,,
604020,2014,1,3,3.0,3.0,2.0,29.6,4.5,32.1
604020,2015,1,4,4.0,4.0,5.2,32.8,5.9,33.5
604020,2016,0,0,,,,,,
604020,2017,4,15,5.0,3.8,7.2,34.8,11.9,39.5
604020,2018,0,0,,,,,,
604020,2019,1,3,3.0,3.0,7.8,35.4,9.2,36.8
604020,2020,0,0,,,,,,
604020,2021,2,12,8.0,6.0,7.6,35.2,12.6,40.2
603600,1981,0,0,,,,,,
603600,1982,2,8,5.0,4.0,8.1,40.4,11.9,44.2
603600,1983,2,16,12.0,8.0,5.5,37.8,11.7,44.0
603600,1984,1,3,3.0,3.0,6.7,39.0,7.5,39.8
603600,1985,0,0,,,,,,
603600,1986,0,0,,,,,,
603600,1987,1,3,3.0,3.0,7.8,40.1,10.0,42.3
603600,1988,0,0,,,,,,
603600,1989,0,0,,,,,,
603600,1990,0,0,,,,,,
603600,1991,2,9,6.0,4.5,5.2,37.5,6.4,38.7
603600,1992,0,0,,,,,,
603600,1993,1,4,4.0,4.0,7.0,39.3,8.7,41.0
603600,1994,6,22,5.0,3.7,7.8,40.1,12.1,44.4
603600,1995,0,0,,,,,,
603600,1996,0,0,,,,,,
603600,1997,2,10,7.0,5.0,6.8,39.1,9.7,42.0
603600,1998,2,10,5.0,5.0,8.1,40.4,12.5,44.8
603600,1999,2,6,3.0,3.0,7.7,40.0,8.9,41.2
603600,2000,3,11,4.0,3.7,10.7,43.0,12.8,45.1
603600,2001,2,6,3.0,3.0,5.0,37.3,8.6,40.9
603600,2002,1,4,4.0,4.0,1.8,34.1,5.1,37.4
603600,2003,5,21,7.0,4.2,5.0,37.3,10.1,42.4
603600,2004,0,0,,,,,,
603600,2005,0,0,,,,,,
603600,2006,1,4,4.0,4.0,7.7,40.0,8.9,41.2
603600,2007,1,6,6.0,6.0,7.7,40.0,10.6,42.9
603600,2008,2,6,3.0,3.0,6.5,38.8,10.0,42.3
603600,2009,2,7,4.0,3.5,6.9,39.2,13.1,45.4
603600,2010,0,0,,,,,,
603600,2011,2,6,3.0,3.0,8.3,40.6,10.9,43.2
603600,2012,1,3,3.0,3.0,2.7,35.0,6.6,38.9
603600,2013,2,8,4.0,4.0,6.4,38.7,10.7,43.0
603600,2014,1,4,4.0,4.0,1.2,33.5,2.1,34.4
603600,2015,1,3,3.0,3.0,5.7,38.0,6.1,38.4
603600,2016,0,0,,,,,,
603600,2017,3,12,4.0,4.0,6.7,39.0,12.2,44.5
603600,2018,0,0,,,,,,
603600,2019,2,7,4.0,3.5,8.7,41.0,12.1,44.4
603600,2020,1,5,5.0,5.0,6.7,39.0,7.3,39.6
603600,2021,3,13,5.0,4.3,6.4,38.7,14.8,47.1
607150,1981,0,0,,,,,,
607150,1982,2,9,5.0,4.5,7.4,36.4,12.3,41.3
607150,1983,1,7,7.0,7.0,8.5,37.5,11.3,40.3
607150,1984,0,0,,,,,,
607150,1985,0,0,,,,,,
607150,1986,0,0,,,,,,
607150,1987,1,3,3.0,3.0,3.5,32.5,5.2,34.2
607150,1988,1,3,3.0,3.0,6.8,35.8,9.2,38.2
607150,1989,0,0,,,,,,
607150,1990,0,0,,,,,,
607150,1991,0,0,,,,,,
607150,1992,0,0,,,,,,
607150,1993,1,3,3.0,3.0,6.8,35.8,8.7,37.7
607150,1994,4,16,5.0,4.0,7.3,36.3,12.2,41.2
607150,1995,0,0,,,,,,
607150,1996,1,3,3.0,3.0,7.5,36.5,9.0,38.0
607150,1997,2,8,5.0,4.0,3.8,32.8,6.5,35.5
607150,1998,1,6,6.0,6.0,7.9,36.9,13.6,42.6
607150,1999,1,3,3.0,3.0,5.3,34.3,7.1,36.1
607150,2000,2,11,7.0,5.5,6.0,35.0,8.6,37.6
607150,2001,0,0,,,,,,
607150,2002,1,3,3.0,3.0,7.5,36.5,8.5,37.5
607150,2003,5,21,5.0,4.2,6.4,35.4,11.8,40.8
607150,2004,0,0,,,,,,
607150,2005,0,0,,,,,,
607150,2006,2,9,6.0,4.5,5.6,34.6,9.6,38.6
607150,2007,1,3,3.0,3.0,8.3,37.3,10.4,39.4
607150,2008,1,3,3.0,3.0,5.7,34.7,7.4,36.4
607150,2009,1,3,3.0,3.0,5.3,34.3,6.1,35.1
607150,2010,0,0,,,,,,
607150,2011,1,4,4.0,4.0,5.8,34.8,7.0,36.0
607150,2012,3,9,3.0,3.0,5.7,34.7,9.2,38.2
607150,2013,1,3,3.0,3.0,2.5,31.5,2.7,31.7
607150,2014,2,6,3.0,3.0,5.2,34.2,8.1,37.1
607150,2015,1,3,3.0,3.0,3.7,32.7,4.4,33.4
607150,2016,0,0,,,,,,
607150,2017,5,21,7.0,4.2,4.4,33.4,10.2,39.2
607150,2018,0,0,,,,,,
607150,2019,2,7,4.0,3.5,4.4,33.4,6.8,35.8
607150,2020,2,7,4.0,3.5,5.7,34.7,7.5,36.5
607150,2021,3,10,4.0,3.3,8.0,37.0,14.8,43.8
6155A,1981,0,0,,,,,,
6155A,1982,1,3,3.0,3.0,1.2,28.1,2.1,29.0
6155A,1983,1,3,3.0,3.0,6.8,33.7,8.5,35.4
6155A,1984,1,3,3.0,3.0,7.1,34.0,8.8,35.7
6155A,1985,0,0,,,,,,
6155A,1986,1,3,3.0,3.0,5.9,32.8,8.1,35.0
6155A,1987,1,3,3.0,3.0,1.7,28.6,2.8,29.7
6155A,1988,0,0,,,,,,
6155A,1989,3,11,5.0,3.7,5.0,31.9,8.7,35.6
6155A,1990,0,0,,,,,,
6155A,1991,1,3,3.0,3.0,3.4,30.3,3.8,30.7
6155A,1992,1,3,3.0,3.0,4.8,31.7,5.3,32.2
6155A,1993,1,3,3.0,3.0,6.1,33.0,6.8,33.7
6155A,1994,3,13,7.0,4.3,4.5,31.4,11.9,38.8
6155A,1995,1,3,3.0,3.0,5.0,31.9,6.0,32.9
6155A,1996,0,0,,,,,,
6155A,1997,0,0,,,,,,
6155A,1998,0,0,,,,,,
6155A,1999,2,6,3.0,3.0,3.5,30.4,8.5,35.4
6155A,2000,0,0,,,,,,
6155A,2001,1,5,5.0,5.0,3.8,30.7,5.9,32.8
6155A,2002,0,0,,,,,,
6155A,2003,4,17,6.0,4.2,4.0,30.9,6.9,33.8
6155A,2004,0,0,,,,,,
6155A,2005,1,3,3.0,3.0,6.8,33.7,7.9,34.8
6155A,2006,1,3,3.0,3.0,4.0,30.9,4.6,31.5
6155A,2007,2,6,3.0,3.0,4.3,31.2,5.0,31.9
6155A,2008,2,7,4.0,3.5,5.6,32.5,6.6,33.5
6155A,2009,3,12,5.0,4.0,4.7,31.6,7.6,34.5
6155A,2010,2,6,3.0,3.0,5.5,32.4,8.3,35.2
6155A,2011,3,10,4.0,3.3,4.4,31.3,7.4,34.3
6155A,2012,7,29,6.0,4.1,5.1,32.0,9.9,36.8
6155A,2013,0,0,,,,,,
6155A,2014,4,12,3.0,3.0,3.6,30.5,6.9,33.8
6155A,2015,5,19,4.0,3.8,6.1,33.0,9.8,36.7
6155A,2016,2,10,6.0,5.0,5.3,32.2,7.6,34.5
6155A,2017,6,27,7.0,4.5,3.6,30.5,6.5,33.4
6155A,2018,1,3,3.0,3.0,5.6,32.5,6.0,32.9
6155A,2019,2,10,7.0,5.0,3.8,30.7,7.4,34.3
6155A,2020,2,7,4.0,3.5,6.1,33.0,10.4,37.3
6155A,2021,5,19,5.0,3.8,5.6,32.5,9.5,36.4
6325O,1981,0,0,,,,,,
6325O,1982,2,6,3.0,3.0,4.3,33.1,5.8,34.6
6325O,1983,1,4,4.0,4.0,3.6,32.4,4.3,33.1
6325O,1984,1,3,3.0,3.0,6.5,35.3,7.4,36.2
6325O,1985,0,0,,,,,,
6325O,1986,0,0,,,,,,
6325O,1987,1,3,3.0,3.0,4.7,33.5,5.6,34.4
6325O,1988,1,3,3.0,3.0,6.7,35.5,9.2,38.0
6325O,1989,3,11,4.0,3.7,4.6,33.4,6.3,35.1
6325O,1990,0,0,,,,,,
6325O,1991,6,25,8.0,4.2,4.4,33.2,6.5,35.3
6325O,1992,2,10,6.0,5.0,4.4,33.2,5.6,34.4
6325O,1993,1,5,5.0,5.0,5.8,34.6,6.6,35.4
6325O,1994,4,19,7.0,4.8,5.4,34.2,9.8,38.6
6325O,1995,0,0,,,,,,
6325O,1996,0,0,,,,,,
6325O,1997,1,3,3.0,3.0,1.7,30.5,2.9,31.7
6325O,1998,1,4,4.0,4.0,3.8,32.6,4.2,33.0
6325O,1999,1,4,4.0,4.0,6.1,34.9,8.5,37.3
6325O,2000,4,12,3.0,3.0,4.5,33.3,7.2,36.0
6325O,2001,1,5,5.0,5.0,4.9,33.7,6.6,35.4
6325O,2002,1,5,5.0,5.0,2.3,31.1,3.2,32.0
6325O,2003,4,18,7.0,4.5,3.8,32.6,6.4,35.2
6325O,2004,1,6,6.0,6.0,3.4,32.2,4.0,32.8
6325O,2005,2,8,5.0,4.0,3.6,32.4,7.8,36.6
6325O,2006,1,3,3.0,3.0,3.8,32.6,4.7,33.5
6325O,2007,1,3,3.0,3.0,4.3,33.1,5.4,34.2
6325O,2008,0,0,,,,,,
6325O,2009,4,16,5.0,4.0,4.0,32.8,8.4,37.2
6325O,2010,1,6,6.0,6.0,4.9,33.7,7.8,36.6
6325O,2011,1,3,3.0,3.0,4.5,33.3,5.5,34.3
6325O,2012,5,24,7.0,4.8,4.6,33.4,9.4,38.2
6325O,2013,0,0,,,,,,
6325O,2014,1,3,3.0,3.0,4.6,33.4,4.8,33.6
6325O,2015,3,13,6.0,4.3,5.3,34.1,8.0,36.8
6325O,2016,2,6,3.0,3.0,3.4,32.2,5.2,34.0
6325O,2017,2,20,17.0,10.0,4.3,33.1,7.3,36.1
6325O,2018,0,0,,,,,,
6325O,2019,2,9,6.0,4.5,4.6,33.4,7.9,36.7
6325O,2020,3,11,4.0,3.7,4.5,33.3,8.3,37.1
6325O,2021,3,13,6.0,4.3,6.4,35.2,9.0,37.8
7031,1981,0,0,,,,,,
7031,1982,2,8,5.0,4.0,2.3,30.0,4.1,31.8
7031,1983,0,0,,,,,,
7031,1984,0,0,,,,,,
7031,1985,0,0,,,,,,
7031,1986,1,3,3.0,3.0,5.6,33.3,8.5,36.2
7031,1987,0,0,,,,,,
7031,1988,0,0,,,,,,
7031,1989,1,3,3.0,3.0,4.5,32.2,6.0,33.7
7031,1990,0,0,,,,,,
7031,1991,1,4,4.0,4.0,3.1,30.8,4.0,31.7
7031,1992,2,6,3.0,3.0,3.8,31.5,4.5,32.2
7031,1993,1,4,4.0,4.0,4.4,32.1,4.8,32.5
7031,1994,3,16,7.0,5.3,4.4,32.1,8.0,35.7
7031,1995,0,0,,,,,,
7031,1996,0,0,,,,,,
7031,1997,1,3,3.0,3.0,1.5,29.2,4.5,32.2
7031,1998,0,0,,,,,,
7031,1999,0,0,,,,,,
7031,2000,1,4,4.0,4.0,2.5,30.2,3.1,30.8
7031,2001,1,6,6.0,6.0,3.6,31.3,5.0,32.7
7031,2002,0,0,,,,,,
7031,2003,5,44,20.0,8.8,2.6,30.3,5.7,33.4
7031,2004,1,5,5.0,5.0,3.6,31.3,3.9,31.6
7031,2005,2,8,4.0,4.0,1.9,29.6,3.5,31.2
7031,2006,0,0,,,,,,
7031,2007,0,0,,,,,,
7031,2008,0,0,,,,,,
7031,2009,4,13,4.0,3.2,3.2,30.9,5.8,33.5
7031,2010,0,0,,,,,,
7031,2011,1,5,5.0,5.0,2.7,30.4,3.3,31.0
7031,2012,4,18,7.0,4.5,3.7,31.4,8.9,36.6
7031,2013,0,0,,,,,,
7031,2014,1,3,3.0,3.0,1.1,28.8,1.9,29.6
7031,2015,5,25,12.0,5.0,4.0,31.7,7.9,35.6
7031,2016,2,6,3.0,3.0,2.7,30.4,4.9,32.6
7031,2017,3,23,10.0,7.7,2.4,30.1,5.3,33.0
7031,2018,1,3,3.0,3.0,5.0,32.7,5.5,33.2
7031,2019,3,13,5.0,4.3,4.1,31.8,7.4,35.1
7031,2020,4,14,4.0,3.5,3.3,31.0,6.1,33.8
7031,2021,1,6,6.0,6.0,4.6,32.3,5.9,33.6
8025,1981,0,0,,,,,,
8025,1982,3,12,6.0,4.0,2.9,30.3,5.9,33.3
8025,1983,0,0,,,,,,
8025,1984,0,0,,,,,,
8025,1985,0,0,,,,,,
8025,1986,1,3,3.0,3.0,5.6,33.0,6.8,34.2
8025,1987,1,6,6.0,6.0,4.5,31.9,5.9,33.3
8025,1988,0,0,,,,,,
8025,1989,0,0,,,,,,
8025,1990,1,4,4.0,4.0,4.9,32.3,5.1,32.5
8025,1991,3,13,6.0,4.3,3.7,31.1,4.2,31.6
8025,1992,2,11,8.0,5.5,4.0,31.4,4.5,31.9
8025,1993,1,4,4.0,4.0,4.6,32.0,5.0,32.4
8025,1994,4,20,7.0,5.0,4.4,31.8,9.8,37.2
8025,1995,0,0,,,,,,
8025,1996,2,6,3.0,3.0,2.6,30.0,4.0,31.4
8025,1997,0,0,,,,,,
8025,1998,1,3,3.0,3.0,2.6,30.0,2.9,30.3
8025,1999,3,10,4.0,3.3,3.8,31.2,4.6,32.0
8025,2000,2,7,4.0,3.5,2.2,29.6,3.8,31.2
8025,2001,1,6,6.0,6.0,3.7,31.1,5.8,33.2
8025,2002,1,3,3.0,3.0,1.5,28.9,1.8,29.2
8025,2003,7,47,12.0,6.7,3.6,31.0,6.3,33.7
8025,2004,3,10,4.0,3.3,3.7,31.1,5.3,32.7
8025,2005,2,8,4.0,4.0,2.5,29.9,4.5,31.9
8025,2006,2,6,3.0,3.0,2.6,30.0,4.0,31.4
8025,2007,1,3,3.0,3.0,4.5,31.9,6.5,33.9
8025,2008,1,3,3.0,3.0,1.8,29.2,2.0,29.4
8025,2009,4,16,7.0,4.0,3.7,31.1,7.2,34.6
8025,2010,0,0,,,,,,
8025,2011,3,11,4.0,3.7,4.0,31.4,5.9,33.3
8025,2012,4,17,6.0,4.2,4.0,31.4,6.5,33.9
8025,2013,0,0,,,,,,
8025,2014,1,3,3.0,3.0,2.8,30.2,3.1,30.5
8025,2015,2,15,12.0,7.5,4.5,31.9,6.4,33.8
8025,2016,0,0,,,,,,
8025,2017,3,22,10.0,7.3,3.2,30.6,5.6,33.0
8025,2018,1,6,6.0,6.0,4.7,32.1,5.8,33.2
8025,2019,3,14,5.0,4.7,4.6,32.0,7.7,35.1
8025,2020,6,25,6.0,4.2,3.8,31.2,6.7,34.1
8025,2021,3,14,6.0,4.7,4.4,31.8,8.9,36.3
8019,1981,0,0,,,,,,
8019,1982,3,12,6.0,4.0,3.1,31.3,6.7,34.9
8019,1983,0,0,,,,,,
8019,1984,0,0,,,,,,
8019,1985,0,0,,,,,,
8019,1986,2,6,3.0,3.0,5.2,33.4,6.9,35.1
8019,1987,1,3,3.0,3.0,4.9,33.1,6.4,34.6
8019,1988,0,0,,,,,,
8019,1989,1,3,3.0,3.0,2.0,30.2,2.3,30.5
8019,1990,1,4,4.0,4.0,5.1,33.3,5.3,33.5
8019,1991,2,7,4.0,3.5,3.7,31.9,4.4,32.6
8019,1992,2,7,4.0,3.5,3.8,32.0,4.3,32.5
8019,1993,1,4,4.0,4.0,5.0,33.2,5.8,34.0
8019,1994,3,16,7.0,5.3,5.1,33.3,10.3,38.5
8019,1995,0,0,,,,,,
8019,1996,2,6,3.0,3.0,3.0,31.2,4.3,32.5
8019,1997,1,3,3.0,3.0,2.4,30.6,3.1,31.3
8019,1998,1,3,3.0,3.0,2.8,31.0,3.2,31.4
8019,1999,3,10,4.0,3.3,3.9,32.1,4.9,33.1
8019,2000,3,10,4.0,3.3,3.4,31.6,6.2,34.4
8019,2001,2,9,6.0,4.5,3.3,31.5,6.1,34.3
8019,2002,0,0,,,,,,
8019,2003,7,42,12.0,6.0,3.8,32.0,6.3,34.5
8019,2004,3,13,6.0,4.3,3.8,32.0,5.6,33.8
8019,2005,2,9,5.0,4.5,2.8,31.0,5.3,33.5
8019,2006,0,0,,,,,,
8019,2007,1,4,4.0,4.0,4.6,32.8,7.5,35.7
8019,2008,3,9,3.0,3.0,3.8,32.0,7.1,35.3
8019,2009,4,14,5.0,3.5,4.4,32.6,8.4,36.6
8019,2010,0,0,,,,,,
8019,2011,4,15,5.0,3.8,3.9,32.1,6.2,34.4
8019,2012,4,23,9.0,5.8,4.3,32.5,7.8,36.0
8019,2013,0,0,,,,,,
8019,2014,1,3,3.0,3.0,3.2,31.4,3.5,31.7
8019,2015,1,12,12.0,12.0,4.8,33.0,7.4,35.6
8019,2016,0,0,,,,,,
8019,2017,3,21,10.0,7.0,3.3,31.5,6.3,34.5
8019,2018,1,6,6.0,6.0,4.8,33.0,6.1,34.3
8019,2019,3,14,5.0,4.7,5.2,33.4,8.8,37.0
8019,2020,5,17,5.0,3.4,4.2,32.4,6.4,34.6
8019,2021,1,6,6.0,6.0,6.1,34.3,8.9,37.1
8416,1981,1,5,5.0,5.0,3.0,31.6,4.1,32.7
8416,1982,1,4,4.0,4.0,6.0,34.6,9.3,37.9
8416,1983,0,0,,,,,,
8416,1984,0,0,,,,,,
8416,1985,0,0,,,,,,
8416,1986,0,0,,,,,,
8416,1987,1,3,3.0,3.0,5.2,33.8,5.8,34.4
8416,1988,0,0,,,,,,
8416,1989,0,0,,,,,,
8416,1990,0,0,,,,,,
8416,1991,1,6,6.0,6.0,4.7,33.3,6.2,34.8
8416,1992,1,3,3.0,3.0,5.7,34.3,6.2,34.8
8416,1993,2,6,3.0,3.0,5.2,33.8,6.4,35.0
8416,1994,2,6,3.0,3.0,6.0,34.6,9.7,38.3
8416,1995,0,0,,,,,,
8416,1996,1,3,3.0,3.0,3.1,31.7,4.1,32.7
8416,1997,0,0,,,,,,
8416,1998,2,6,3.0,3.0,5.4,34.0,6.9,35.5
8416,1999,3,10,4.0,3.3,4.2,32.8,6.6,35.2
8416,2000,2,6,3.0,3.0,5.1,33.7,7.6,36.2
8416,2001,3,12,6.0,4.0,3.9,32.5,7.7,36.3
8416,2002,1,3,3.0,3.0,2.5,31.1,2.7,31.3
8416,2003,6,38,12.0,6.3,4.7,33.3,7.3,35.9
8416,2004,2,8,4.0,4.0,6.8,35.4,8.2,36.8
8416,2005,3,14,7.0,4.7,4.5,33.1,9.3,37.9
8416,2006,1,5,5.0,5.0,4.6,33.2,8.4,37.0
8416,2007,0,0,,,,,,
8416,2008,2,10,6.0,5.0,4.4,33.0,6.2,34.8
8416,2009,4,15,5.0,3.8,4.8,33.4,11.9,40.5
8416,2010,3,9,3.0,3.0,4.0,32.6,6.1,34.7
8416,2011,1,3,3.0,3.0,4.0,32.6,4.2,32.8
8416,2012,5,23,8.0,4.6,5.9,34.5,13.8,42.4
8416,2013,1,3,3.0,3.0,2.8,31.4,4.5,33.1
8416,2014,3,10,4.0,3.3,4.4,33.0,7.0,35.6
8416,2015,3,17,7.0,5.7,4.1,32.7,11.0,39.6
8416,2016,3,10,4.0,3.3,3.8,32.4,5.3,33.9
8416,2017,5,20,5.0,4.0,3.5,32.1,8.1,36.7
8416,2018,5,21,7.0,4.2,5.3,33.9,9.7,38.3
8416,2019,4,18,5.0,4.5,6.2,34.8,12.9,41.5
8416,2020,3,10,4.0,3.3,4.3,32.9,5.6,34.2
8416,2021,2,7,4.0,3.5,5.9,34.5,9.0,37.6
8414A,1981,0,0,,,,,,
8414A,1982,1,4,4.0,4.0,6.4,35.1,9.8,38.5
8414A,1983,0,0,,,,,,
8414A,1984,0,0,,,,,,
8414A,1985,0,0,,,,,,
8414A,1986,0,0,,,,,,
8414A,1987,1,3,3.0,3.0,5.6,34.3,6.0,34.7
8414A,1988,0,0,,,,,,
8414A,1989,0,0,,,,,,
8414A,1990,0,0,,,,,,
8414A,1991,1,6,6.0,6.0,4.8,33.5,5.9,34.6
8414A,1992,1,3,3.0,3.0,5.7,34.4,6.1,34.8
8414A,1993,1,3,3.0,3.0,6.3,35.0,6.9,35.6
8414A,1994,3,10,4.0,3.3,6.7,35.4,11.9,40.6
8414A,1995,0,0,,,,,,
8414A,1996,1,3,3.0,3.0,3.1,31.8,4.2,32.9
8414A,1997,0,0,,,,,,
8414A,1998,2,6,3.0,3.0,5.3,34.0,6.5,35.2
8414A,1999,5,19,6.0,3.8,4.4,33.1,7.3,36.0
8414A,2000,2,6,3.0,3.0,6.2,34.9,9.2,37.9
8414A,2001,2,9,6.0,4.5,4.1,32.8,7.1,35.8
8414A,2002,1,3,3.0,3.0,2.3,31.0,2.3,31.0
8414A,2003,5,33,11.0,6.6,4.6,33.3,7.4,36.1
8414A,2004,2,9,5.0,4.5,6.3,35.0,7.7,36.4
8414A,2005,2,10,7.0,5.0,4.8,33.5,6.7,35.4
8414A,2006,1,5,5.0,5.0,4.8,33.5,8.3,37.0
8414A,2007,0,0,,,,,,
8414A,2008,2,10,6.0,5.0,4.7,33.4,6.8,35.5
8414A,2009,4,16,5.0,4.0,5.4,34.1,11.4,40.1
8414A,2010,1,3,3.0,3.0,4.9,33.6,6.3,35.0
8414A,2011,2,7,4.0,3.5,4.9,33.6,6.7,35.4
8414A,2012,5,23,8.0,4.6,6.0,34.7,13.4,42.1
8414A,2013,1,3,3.0,3.0,2.8,31.5,4.0,32.7
8414A,2014,1,3,3.0,3.0,4.8,33.5,5.9,34.6
8414A,2015,3,13,5.0,4.3,4.5,33.2,11.5,40.2
8414A,2016,2,7,4.0,3.5,3.9,32.6,5.6,34.3
8414A,2017,4,16,5.0,4.0,4.8,33.5,7.6,36.3
8414A,2018,4,18,7.0,4.5,5.8,34.5,9.3,38.0
8414A,2019,4,17,6.0,4.2,6.4,35.1,12.4,41.1
8414A,2020,3,11,4.0,3.7,4.5,33.2,6.0,34.7
8414A,2021,2,7,4.0,3.5,6.2,34.9,8.2,36.9
8500A,1981,1,5,5.0,5.0,2.9,29.4,3.7,30.2
8500A,1982,1,5,5.0,5.0,5.4,31.9,8.6,35.1
8500A,1983,2,6,3.0,3.0,0.7,27.2,1.6,28.1
8500A,1984,0,0,,,,,,
8500A,1985,0,0,,,,,,
8500A,1986,1,3,3.0,3.0,5.5,32.0,7.7,34.2
8500A,1987,2,9,6.0,4.5,4.2,30.7,6.4,32.9
8500A,1988,0,0,,,,,,
8500A,1989,0,0,,,,,,
8500A,1990,1,3,3.0,3.0,5.4,31.9,6.3,32.8
8500A,1991,1,7,7.0,7.0,3.9,30.4,5.6,32.1
8500A,1992,1,3,3.0,3.0,3.0,29.5,3.2,29.7
8500A,1993,3,10,4.0,3.3,3.8,30.3,6.5,33.0
8500A,1994,3,14,6.0,4.7,4.6,31.1,7.5,34.0
8500A,1995,0,0,,,,,,
8500A,1996,1,3,3.0,3.0,2.8,29.3,3.2,29.7
8500A,1997,1,4,4.0,4.0,1.7,28.2,2.4,28.9
8500A,1998,1,5,5.0,5.0,4.6,31.1,5.5,32.0
8500A,1999,1,4,4.0,4.0,3.6,30.1,4.1,30.6
8500A,2000,0,0,,,,,,
8500A,2001,3,12,5.0,4.0,3.9,30.4,5.8,32.3
8500A,2002,1,5,5.0,5.0,2.3,28.8,2.9,29.4
8500A,2003,6,47,14.0,7.8,4.5,31.0,7.6,34.1
8500A,2004,1,4,4.0,4.0,4.2,30.7,5.5,32.0
8500A,2005,2,17,13.0,8.5,3.8,30.3,5.8,32.3
8500A,2006,5,28,7.0,5.6,3.7,30.2,5.3,31.8
8500A,2007,1,3,3.0,3.0,6.0,32.5,8.2,34.7
8500A,2008,1,4,4.0,4.0,3.9,30.4,4.1,30.6
8500A,2009,5,26,11.0,5.2,4.0,30.5,10.3,36.8
8500A,2010,1,4,4.0,4.0,2.6,29.1,3.2,29.7
8500A,2011,1,4,4.0,4.0,4.4,30.9,5.0,31.5
8500A,2012,5,23,8.0,4.6,3.8,30.3,6.4,32.9
8500A,2013,1,3,3.0,3.0,1.0,27.5,1.4,27.9
8500A,2014,1,6,6.0,6.0,2.8,29.3,4.7,31.2
8500A,2015,4,31,13.0,7.8,3.9,30.4,7.9,34.4
8500A,2016,3,13,7.0,4.3,2.3,28.8,5.5,32.0
8500A,2017,4,27,14.0,6.8,2.9,29.4,7.3,33.8
8500A,2018,4,18,8.0,4.5,4.7,31.2,8.3,34.8
8500A,2019,6,28,9.0,4.7,4.7,31.2,9.8,36.3
8500A,2020,4,24,7.0,6.0,4.5,31.0,6.1,32.6
8500A,2021,4,16,5.0,4.0,4.5,31.0,7.6,34.1
9981A,1981,1,6,6.0,6.0,4.3,31.3,5.6,32.6
9981A,1982,1,4,4.0,4.0,7.0,34.0,9.6,36.6
9981A,1983,3,9,3.0,3.0,2.3,29.3,5.6,32.6
9981A,1984,1,3,3.0,3.0,3.3,30.3,3.8,30.8
9981A,1985,0,0,,,,,,
9981A,1986,0,0,,,,,,
9981A,1987,2,12,8.0,6.0,4.5,31.5,8.1,35.1
9981A,1988,0,0,,,,,,
9981A,1989,2,7,4.0,3.5,3.6,30.6,4.9,31.9
9981A,1990,2,6,3.0,3.0,5.2,32.2,6.2,33.2
9981A,1991,3,11,4.0,3.7,4.7,31.7,6.5,33.5
9981A,1992,0,0,,,,,,
9981A,1993,2,8,4.0,4.0,4.2,31.2,5.4,32.4
9981A,1994,2,8,5.0,4.0,4.8,31.8,8.7,35.7
9981A,1995,1,3,3.0,3.0,4.4,31.4,4.8,31.8
9981A,1996,1,3,3.0,3.0,3.2,30.2,4.0,31.0
9981A,1997,0,0,,,,,,
9981A,1998,2,8,4.0,4.0,4.4,31.4,5.1,32.1
9981A,1999,0,0,,,,,,
9981A,2000,0,0,,,,,,
9981A,2001,3,13,6.0,4.3,3.5,30.5,6.1,33.1
9981A,2002,1,3,3.0,3.0,3.1,30.1,3.4,30.4
9981A,2003,3,37,16.0,12.3,4.8,31.8,8.1,35.1
9981A,2004,3,10,4.0,3.3,3.4,30.4,6.2,33.2
9981A,2005,5,19,7.0,3.8,3.5,30.5,5.7,32.7
9981A,2006,5,27,7.0,5.4,4.9,31.9,6.4,33.4
9981A,2007,1,3,3.0,3.0,4.9,31.9,5.6,32.6
9981A,2008,0,0,,,,,,
9981A,2009,4,23,13.0,5.8,2.8,29.8,6.6,33.6
9981A,2010,4,20,8.0,5.0,4.7,31.7,9.7,36.7
9981A,2011,1,5,5.0,5.0,4.4,31.4,5.6,32.6
9981A,2012,4,23,8.0,5.8,3.7,30.7,7.2,34.2
9981A,2013,0,0,,,,,,
9981A,2014,1,4,4.0,4.0,3.9,30.9,4.7,31.7
9981A,2015,7,40,7.0,5.7,4.3,31.3,8.3,35.3
9981A,2016,5,21,7.0,4.2,3.8,30.8,6.1,33.1
9981A,2017,4,26,14.0,6.5,4.0,31.0,8.5,35.5
9981A,2018,5,29,9.0,5.8,4.8,31.8,9.5,36.5
9981A,2019,6,25,5.0,4.2,5.2,32.2,10.7,37.7
9981A,2020,4,15,4.0,3.8,4.6,31.6,6.4,33.4
9981A,2021,3,16,6.0,5.3,4.9,31.9,8.1,35.1
0016A,1981,1,7,7.0,7.0,3.2,30.7,4.9,32.4
0016A,1982,1,4,4.0,4.0,6.3,33.8,8.6,36.1
0016A,1983,1,3,3.0,3.0,4.5,32.0,5.0,32.5
0016A,1984,0,0,,,,,,
0016A,1985,0,0,,,,,,
0016A,1986,0,0,,,,,,
0016A,1987,2,9,5.0,4.5,4.8,32.3,8.0,35.5
0016A,1988,0,0,,,,,,
0016A,1989,2,7,4.0,3.5,3.8,31.3,5.5,33.0
0016A,1990,2,7,4.0,3.5,5.5,33.0,7.5,35.0
0016A,1991,1,3,3.0,3.0,4.5,32.0,5.5,33.0
0016A,1992,0,0,,,,,,
0016A,1993,0,0,,,,,,
0016A,1994,1,4,4.0,4.0,5.0,32.5,9.1,36.6
0016A,1995,0,0,,,,,,
0016A,1996,0,0,,,,,,
0016A,1997,0,0,,,,,,
0016A,1998,1,4,4.0,4.0,5.0,32.5,5.5,33.0
0016A,1999,0,0,,,,,,
0016A,2000,1,3,3.0,3.0,4.8,32.3,6.4,33.9
0016A,2001,1,5,5.0,5.0,4.1,31.6,6.7,34.2
0016A,2002,1,5,5.0,5.0,3.5,31.0,4.9,32.4
0016A,2003,4,35,14.0,8.8,4.8,32.3,8.2,35.7
0016A,2004,2,6,3.0,3.0,2.7,30.2,6.3,33.8
0016A,2005,2,11,8.0,5.5,4.4,31.9,7.5,35.0
0016A,2006,4,15,5.0,3.8,5.0,32.5,7.4,34.9
0016A,2007,1,4,4.0,4.0,3.4,30.9,4.2,31.7
0016A,2008,1,4,4.0,4.0,3.4,30.9,3.8,31.3
0016A,2009,2,12,9.0,6.0,4.3,31.8,6.3,33.8
0016A,2010,2,7,4.0,3.5,3.7,31.2,4.5,32.0
0016A,2011,1,4,4.0,4.0,4.3,31.8,4.8,32.3
0016A,2012,3,11,5.0,3.7,3.8,31.3,5.4,32.9
0016A,2013,0,0,,,,,,
0016A,2014,1,6,6.0,6.0,3.4,30.9,5.9,33.4
0016A,2015,5,26,9.0,5.2,4.2,31.7,7.4,34.9
0016A,2016,2,6,3.0,3.0,4.1,31.6,5.6,33.1
0016A,2017,2,20,14.0,10.0,4.8,32.3,8.3,35.8
0016A,2018,4,20,7.0,5.0,5.1,32.6,9.7,37.2
0016A,2019,6,31,8.0,5.2,5.0,32.5,9.1,36.6
0016A,2020,4,15,5.0,3.8,4.6,32.1,7.0,34.5
0016A,2021,2,14,7.0,7.0,4.7,32.2,8.5,36.0
76,1981,1,5,5.0,5.0,1.6,25.9,2.4,26.7
76,1982,1,4,4.0,4.0,4.5,28.8,5.8,30.1
76,1983,4,12,3.0,3.0,2.4,26.7,6.5,30.8
76,1984,0,0,,,,,,
76,1985,0,0,,,,,,
76,1986,0,0,,,,,,
76,1987,2,9,5.0,4.5,3.7,28.0,5.4,29.7
76,1988,1,4,4.0,4.0,4.1,28.4,4.6,28.9
76,1989,1,3,3.0,3.0,4.3,28.6,5.2,29.5
76,1990,2,9,6.0,4.5,4.4,28.7,5.6,29.9
76,1991,2,10,7.0,5.0,3.5,27.8,4.2,28.5
76,1992,1,3,3.0,3.0,3.5,27.8,3.7,28.0
76,1993,1,4,4.0,4.0,4.0,28.3,4.1,28.4
76,1994,5,26,7.0,5.2,4.2,28.5,5.4,29.7
76,1995,2,7,4.0,3.5,3.9,28.2,4.0,28.3
76,1996,1,5,5.0,5.0,0.9,25.2,2.0,26.3
76,1997,2,7,4.0,3.5,2.3,26.6,4.6,28.9
76,1998,3,15,9.0,5.0,2.2,26.5,5.1,29.4
76,1999,0,0,,,,,,
76,2000,2,6,3.0,3.0,3.7,28.0,4.1,28.4
76,2001,3,15,7.0,5.0,3.3,27.6,5.1,29.4
76,2002,1,11,11.0,11.0,1.8,26.1,3.0,27.3
76,2003,5,62,29.0,12.4,3.7,28.0,7.6,31.9
76,2004,1,4,4.0,4.0,1.8,26.1,2.4,26.7
76,2005,1,14,14.0,14.0,2.3,26.6,4.2,28.5
76,2006,4,30,16.0,7.5,3.5,27.8,6.0,30.3
76,2007,2,7,4.0,3.5,1.7,26.0,3.9,28.2
76,2008,2,7,4.0,3.5,2.7,27.0,4.5,28.8
76,2009,4,25,9.0,6.2,2.0,26.3,6.0,30.3
76,2010,3,9,3.0,3.0,4.3,28.6,7.8,32.1
76,2011,2,7,4.0,3.5,3.2,27.5,4.7,29.0
76,2012,5,27,11.0,5.4,2.5,26.8,6.0,30.3
76,2013,3,12,5.0,4.0,2.9,27.2,6.0,30.3
76,2014,1,7,7.0,7.0,1.5,25.8,3.5,27.8
76,2015,4,41,13.0,10.2,3.3,27.6,6.4,30.7
76,2016,2,8,4.0,4.0,1.9,26.2,4.6,28.9
76,2017,3,34,20.0,11.3,3.8,28.1,6.3,30.6
76,2018,5,23,9.0,4.6,4.0,28.3,8.3,32.6
76,2019,5,32,15.0,6.4,4.2,28.5,6.0,30.3
76,2020,5,25,7.0,5.0,3.7,28.0,5.9,30.2
76,2021,2,19,13.0,9.5,3.5,27.8,7.5,31.8
0200E,1981,1,8,8.0,8.0,3.1,28.5,5.5,30.9
0200E,1982,1,6,6.0,6.0,6.1,31.5,10.2,35.6
0200E,1983,3,10,4.0,3.3,5.0,30.4,8.7,34.1
0200E,1984,0,0,,,,,,
0200E,1985,0,0,,,,,,
0200E,1986,1,5,5.0,5.0,3.2,28.6,3.9,29.3
0200E,1987,2,7,4.0,3.5,5.2,30.6,7.0,32.4
0200E,1988,1,6,6.0,6.0,5.0,30.4,6.1,31.5
0200E,1989,0,0,,,,,,
0200E,1990,1,4,4.0,4.0,6.0,31.4,7.2,32.6
0200E,1991,2,9,6.0,4.5,4.2,29.6,5.3,30.7
0200E,1992,1,4,4.0,4.0,3.3,28.7,4.4,29.8
0200E,1993,2,7,4.0,3.5,2.8,28.2,5.6,31.0
0200E,1994,5,22,6.0,4.4,5.4,30.8,8.2,33.6
0200E,1995,0,0,,,,,,
0200E,1996,1,3,3.0,3.0,2.5,27.9,3.2,28.6
0200E,1997,2,7,4.0,3.5,3.6,29.0,5.8,31.2
0200E,1998,2,12,9.0,6.0,3.4,28.8,6.9,32.3
0200E,1999,0,0,,,,,,
0200E,2000,4,16,5.0,4.0,3.3,28.7,5.7,31.1
0200E,2001,3,17,7.0,5.7,4.7,30.1,6.9,32.3
0200E,2002,1,14,14.0,14.0,2.6,28.0,4.8,30.2
0200E,2003,6,50,15.0,8.3,5.2,30.6,10.1,35.5
0200E,2004,1,4,4.0,4.0,5.7,31.1,6.5,31.9
0200E,2005,2,18,14.0,9.0,2.1,27.5,6.7,32.1
0200E,2006,5,29,10.0,5.8,5.2,30.6,7.8,33.2
0200E,2007,4,15,4.0,3.8,2.6,28.0,5.6,31.0
0200E,2008,2,7,4.0,3.5,4.4,29.8,6.2,31.6
0200E,2009,5,28,9.0,5.6,3.4,28.8,8.0,33.4
0200E,2010,3,9,3.0,3.0,5.1,30.5,10.2,35.6
0200E,2011,2,11,8.0,5.5,3.6,29.0,6.6,32.0
0200E,2012,5,27,11.0,5.4,4.0,29.4,8.0,33.4
0200E,2013,2,6,3.0,3.0,2.8,28.2,4.5,29.9
0200E,2014,1,8,8.0,8.0,3.1,28.5,6.0,31.4
0200E,2015,3,25,12.0,8.3,4.7,30.1,9.3,34.7
0200E,2016,3,14,7.0,4.7,3.1,28.5,6.7,32.1
0200E,2017,3,32,17.0,10.7,5.3,30.7,8.5,33.9
0200E,2018,3,15,8.0,5.0,5.0,30.4,9.9,35.3
0200E,2019,5,33,16.0,6.6,5.2,30.6,9.4,34.8
0200E,2020,4,15,5.0,3.8,5.2,30.6,7.0,32.4
0200E,2021,3,20,12.0,6.7,5.7,31.1,10.9,36.3
B893,1981,1,5,5.0,5.0,-0.1,24.4,0.4,24.9
B893,1982,4,17,5.0,4.2,2.2,26.7,4.1,28.6
B893,1983,1,13,13.0,13.0,4.3,28.8,6.0,30.5
B893,1984,0,0,,,,,,
B893,1985,0,0,,,,,,
B893,1986,0,0,,,,,,
B893,1987,0,0,,,,,,
B893,1988,1,4,4.0,4.0,3.5,28.0,3.7,28.2
B893,1989,2,9,6.0,4.5,2.3,26.8,4.1,28.6
B893,1990,1,4,4.0,4.0,1.2,25.7,1.6,26.1
B893,1991,1,8,8.0,8.0,3.5,28.0,3.7,28.2
B893,1992,2,15,9.0,7.5,3.5,28.0,4.3,28.8
B893,1993,0,0,,,,,,
B893,1994,6,35,12.0,5.8,3.4,27.9,5.1,29.6
B893,1995,1,3,3.0,3.0,3.4,27.9,3.9,28.4
B893,1996,2,6,3.0,3.0,0.2,24.7,1.5,26.0
B893,1997,2,8,5.0,4.0,-0.5,24.0,0.2,24.7
B893,1998,2,9,5.0,4.5,0.1,24.6,2.0,26.5
B893,1999,3,13,5.0,4.3,3.5,28.0,5.3,29.8
B893,2000,1,3,3.0,3.0,4.5,29.0,5.0,29.5
B893,2001,1,4,4.0,4.0,3.5,28.0,3.9,28.4
B893,2002,1,12,12.0,12.0,1.0,25.5,1.9,26.4
B893,2003,4,49,30.0,12.2,4.1,28.6,6.7,31.2
B893,2004,3,11,5.0,3.7,2.8,27.3,4.0,28.5
B893,2005,1,13,13.0,13.0,1.7,26.2,3.2,27.7
B893,2006,2,30,21.0,15.0,3.0,27.5,5.3,29.8
B893,2007,1,3,3.0,3.0,0.3,24.8,0.4,24.9
B893,2008,3,11,4.0,3.7,1.9,26.4,4.2,28.7
B893,2009,4,27,9.0,6.8,1.3,25.8,4.3,28.8
B893,2010,0,0,,,,,,
B893,2011,3,10,4.0,3.3,2.1,26.6,3.9,28.4
B893,2012,6,28,8.0,4.7,2.1,26.6,4.8,29.3
B893,2013,3,13,6.0,4.3,2.8,27.3,4.9,29.4
B893,2014,2,11,8.0,5.5,1.7,26.2,3.4,27.9
B893,2015,5,37,12.0,7.4,2.6,27.1,4.6,29.1
B893,2016,1,4,4.0,4.0,-0.2,24.3,0.4,24.9
B893,2017,4,35,18.0,8.8,2.8,27.3,4.9,29.4
B893,2018,4,24,14.0,6.0,3.0,27.5,5.9,30.4
B893,2019,4,33,16.0,8.2,3.1,27.6,4.3,28.8
B893,2020,6,32,8.0,5.3,3.0,27.5,4.9,29.4
B893,2021,4,28,13.0,7.0,2.8,27.3,4.8,29.3
B228,1981,2,8,5.0,4.0,3.0,30.8,5.0,32.8
B228,1982,1,8,8.0,8.0,5.9,33.7,8.6,36.4
B228,1983,4,21,9.0,5.2,3.8,31.6,8.8,36.6
B228,1984,1,3,3.0,3.0,5.0,32.8,5.8,33.6
B228,1985,0,0,,,,,,
B228,1986,1,4,4.0,4.0,3.3,31.1,4.1,31.9
B228,1987,2,8,5.0,4.0,4.2,32.0,7.7,35.5
B228,1988,0,0,,,,,,
B228,1989,1,3,3.0,3.0,3.8,31.6,4.0,31.8
B228,1990,0,0,,,,,,
B228,1991,1,6,6.0,6.0,3.2,31.0,3.8,31.6
B228,1992,1,4,4.0,4.0,4.1,31.9,4.9,32.7
B228,1993,2,8,4.0,4.0,4.6,32.4,5.3,33.1
B228,1994,4,17,7.0,4.2,4.9,32.7,7.6,35.4
B228,1995,0,0,,,,,,
B228,1996,0,0,,,,,,
B228,1997,0,0,,,,,,
B228,1998,3,13,5.0,4.3,2.6,30.4,5.4,33.2
B228,1999,0,0,,,,,,
B228,2000,1,3,3.0,3.0,4.0,31.8,5.2,33.0
B228,2001,3,15,7.0,5.0,4.4,32.2,6.3,34.1
B228,2002,1,8,8.0,8.0,2.7,30.5,3.5,31.3
B228,2003,5,54,27.0,10.8,4.6,32.4,7.5,35.3
B228,2004,1,3,3.0,3.0,3.1,30.9,3.5,31.3
B228,2005,2,14,11.0,7.0,4.0,31.8,5.7,33.5
B228,2006,3,13,7.0,4.3,3.8,31.6,4.6,32.4
B228,2007,1,4,4.0,4.0,4.2,32.0,5.1,32.9
B228,2008,0,0,,,,,,
B228,2009,4,25,11.0,6.2,4.2,32.0,6.5,34.3
B228,2010,0,0,,,,,,
B228,2011,2,10,6.0,5.0,3.8,31.6,5.7,33.5
B228,2012,4,29,13.0,7.2,4.2,32.0,6.8,34.6
B228,2013,3,12,5.0,4.0,4.2,32.0,6.0,33.8
B228,2014,2,12,9.0,6.0,2.0,29.8,2.5,30.3
B228,2015,4,29,12.0,7.2,3.5,31.3,6.4,34.2
B228,2016,2,12,9.0,6.0,3.4,31.2,5.0,32.8
B228,2017,4,34,15.0,8.5,4.3,32.1,8.8,36.6
B228,2018,1,7,7.0,7.0,5.1,32.9,6.2,34.0
B228,2019,6,34,16.0,5.7,4.2,32.0,7.1,34.9
B228,2020,5,21,6.0,4.2,4.4,32.2,7.6,35.4
B228,2021,3,18,8.0,6.0,5.0,32.8,7.8,35.6
B278,1981,2,8,5.0,4.0,3.0,30.8,5.0,32.8
B278,1982,1,8,8.0,8.0,5.9,33.7,8.6,36.4
B278,1983,4,21,9.0,5.2,3.8,31.6,8.8,36.6
B278,1984,1,3,3.0,3.0,5.0,32.8,5.8,33.6
B278,1985,0,0,,,,,,
B278,1986,1,4,4.0,4.0,3.3,31.1,4.1,31.9
B278,1987,2,8,5.0,4.0,4.2,32.0,7.7,35.5
B278,1988,0,0,,,,,,
B278,1989,1,3,3.0,3.0,3.8,31.6,4.0,31.8
B278,1990,0,0,,,,,,
B278,1991,1,6,6.0,6.0,3.2,31.0,3.8,31.6
B278,1992,1,4,4.0,4.0,4.1,31.9,4.9,32.7
B278,1993,2,8,4.0,4.0,4.6,32.4,5.3,33.1
B278,1994,4,17,7.0,4.2,4.9,32.7,7.6,35.4
B278,1995,0,0,,,,,,
B278,1996,0,0,,,,,,
B278,1997,0,0,,,,,,
B278,1998,3,13,5.0,4.3,2.6,30.4,5.4,33.2
B278,1999,0,0,,,,,,
B278,2000,1,3,3.0,3.0,4.0,31.8,5.2,33.0
B278,2001,3,15,7.0,5.0,4.4,32.2,6.3,34.1
B278,2002,1,8,8.0,8.0,2.7,30.5,3.5,31.3
B278,2003,5,54,27.0,10.8,4.6,32.4,7.5,35.3
B278,2004,1,3,3.0,3.0,3.1,30.9,3.5,31.3
B278,2005,2,14,11.0,7.0,4.0,31.8,5.7,33.5
B278,2006,3,13,7.0,4.3,3.8,31.6,4.6,32.4
B278,2007,1,4,4.0,4.0,4.2,32.0,5.1,32.9
B278,2008,0,0,,,,,,
B278,2009,4,25,11.0,6.2,4.2,32.0,6.5,34.3
B278,2010,0,0,,,,,,
B278,2011,2,10,6.0,5.0,3.8,31.6,5.7,33.5
B278,2012,4,29,13.0,7.2,4.2,32.0,6.8,34.6
B278,2013,3,12,5.0,4.0,4.2,32.0,6.0,33.8
B278,2014,2,12,9.0,6.0,2.0,29.8,2.5,30.3
B278,2015,4,29,12.0,7.2,3.5,31.3,6.4,34.2
B278,2016,2,12,9.0,6.0,3.4,31.2,5.0,32.8
B278,2017,4,34,15.0,8.5,4.3,32.1,8.8,36.6
B278,2018,1,7,7.0,7.0,5.1,32.9,6.2,34.0
B278,2019,6,34,16.0,5.7,4.2,32.0,7.1,34.9
B278,2020,5,21,6.0,4.2,4.4,32.2,7.6,35.4
B278,2021,3,18,8.0,6.0,5.0,32.8,7.8,35.6
B954,1981,1,3,3.0,3.0,1.2,30.2,1.6,30.6
B954,1982,1,8,8.0,8.0,4.8,33.8,6.9,35.9
B954,1983,3,10,4.0,3.3,4.0,33.0,6.5,35.5
B954,1984,0,0,,,,,,
B954,1985,0,0,,,,,,
B954,1986,2,6,3.0,3.0,2.8,31.8,4.2,33.2
B954,1987,1,6,6.0,6.0,4.4,33.4,5.1,34.1
B954,1988,0,0,,,,,,
B954,1989,0,0,,,,,,
B954,1990,0,0,,,,,,
B954,1991,2,11,8.0,5.5,4.2,33.2,5.2,34.2
B954,1992,2,7,4.0,3.5,4.4,33.4,5.2,34.2
B954,1993,1,4,4.0,4.0,4.9,33.9,5.7,34.7
B954,1994,5,24,7.0,4.8,4.4,33.4,8.6,37.6
B954,1995,0,0,,,,,,
B954,1996,0,0,,,,,,
B954,1997,0,0,,,,,,
B954,1998,1,5,5.0,5.0,4.4,33.4,4.6,33.6
B954,1999,4,12,3.0,3.0,3.8,32.8,7.0,36.0
B954,2000,3,11,5.0,3.7,4.2,33.2,6.4,35.4
B954,2001,3,16,7.0,5.3,4.1,33.1,5.6,34.6
B954,2002,1,8,8.0,8.0,1.9,30.9,2.4,31.4
B954,2003,6,48,19.0,8.0,3.8,32.8,5.8,34.8
B954,2004,1,5,5.0,5.0,2.7,31.7,3.6,32.6
B954,2005,2,9,5.0,4.5,2.6,31.6,3.5,32.5
B954,2006,2,7,4.0,3.5,3.2,32.2,5.4,34.4
B954,2007,1,4,4.0,4.0,4.0,33.0,5.1,34.1
B954,2008,1,3,3.0,3.0,4.4,33.4,4.9,33.9
B954,2009,5,24,8.0,4.8,3.7,32.7,7.3,36.3
B954,2010,1,3,3.0,3.0,3.7,32.7,4.1,33.1
B954,2011,1,4,4.0,4.0,4.3,33.3,4.9,33.9
B954,2012,4,26,11.0,6.5,4.0,33.0,6.3,35.3
B954,2013,2,6,3.0,3.0,3.0,32.0,4.9,33.9
B954,2014,3,11,4.0,3.7,1.9,30.9,3.9,32.9
B954,2015,3,23,12.0,7.7,3.1,32.1,6.1,35.1
B954,2016,0,0,,,,,,
B954,2017,2,27,16.0,13.5,3.6,32.6,6.0,35.0
B954,2018,1,9,9.0,9.0,4.5,33.5,6.1,35.1
B954,2019,4,22,9.0,5.5,4.8,33.8,6.6,35.6
B954,2020,6,27,7.0,4.5,3.6,32.6,6.1,35.1
B954,2021,4,19,6.0,4.8,4.3,33.3,8.3,37.3
